run,vehicle,scenario,sha256,signature,onset_s,onset_speed_kph,travel_win_mm,force_min_win,force_max_win,cmd_abs_max_win,tension,screen_flag_noisy,operator_label,removal_reason
13-xiaopengG9/3-Euro NCAP AEB Car-to-Car 2020 Group (VUT)/2-Conditioning/3-New Vehicle Conditioning/13-Tyres (3x10 @ 56 kph) [8.1.3.1]/V13_T13_R14.txt,13-xiaopengG9,AEB,5cc6c8dcef7a2db5782562e315176bdff9fbacff093b1800d9cc31845abf1cef,aeb_pedal_static,11.03,55.07,0.001,21.29,26.73,0.035,0,1,,foot_pre_event
13-xiaopengG9/8-Euro NCAP AEB VRU 2020 Group (VUT)/13-Pedestrian Longitudinal Scenarios/14-CPLA-50 5 kph (Day) [7.2.7]/530-VUT 60 kph; CPLA-50 5 kph (Day)/V13_T530_R1.txt,13-xiaopengG9,CPLA,0bd7817ad2d141994f931f858ad2827e4fe381985e48e007f1906dd91e728a62,aeb_pedal_dragged,6.04,61.75,37.588,-40.39,35.71,0.0,1,,,foot_pre_event
13-xiaopengG9/8-Euro NCAP AEB VRU 2020 Group (VUT)/28-Bicyclist Farside Scenarios/29-CBFA-50 20 kph (Day) [7.2.12]/688-VUT 60 kph; CBFA-50 20 kph (Day)/V13_T688_R2.txt,13-xiaopengG9,CBFA,13063329f6e1feecacc34b0ceb924f09b958b4f40f4ef41eee3dcee16e54d76c,aeb_pedal_static,14.53,48.45,1.191,36.24,109.84,0.0,0,,,foot_pre_event
14-BZ3X/10-C-NCAP VRU 2024 (VUT)/26-CPTA-RF [O.6.1.11]/27-CPTA-RF 6.5 kph AEB (Day)/521-VUT 10 kph; CPTA-RF 6.5 kph AEB (Day)/V14_T521_R1.txt,14-BZ3X,CPTA,8feebc0080c11d405e4808552eaa2311f915f83eb788bd527f26406bae8b826f,aeb_pedal_static,46.83,9.69,0.0,-0.01,0.01,0.015,0,1,,foot_pre_event
14-BZ3X/10-C-NCAP VRU 2024 (VUT)/26-CPTA-RF [O.6.1.11]/27-CPTA-RF 6.5 kph AEB (Day)/524-VUT 20 kph; CPTA-RF 6.5 kph AEB (Day)/V14_T524_R1.txt,14-BZ3X,CPTA,7427ec185df7534ffc7d40d9add47f2c95c8dbcf3e60933579e9e403bb58cfd8,aeb_pedal_static,39.42,20.65,0.0,-0.01,0.01,0.063,0,1,,foot_pre_event
14-BZ3X/10-C-NCAP VRU 2024 (VUT)/30-CSFAO [O.6.2.6]/31-CSFAO-50 20 kph AEB (Day)/1804-VUT 5 kph; FCTB-50 20 kph AEB (Day)-ENCAP/V14_T1804_R5.txt,14-BZ3X,AEB,c71e80abc6f0483f776df133bb72484ede171bd48b36057b32970956bfd85ec5,aeb_pedal_dragged,10.35,10.6,48.274,-15.04,17.45,0.0,1,,,foot_pre_event
14-BZ3X/10-C-NCAP VRU 2024 (VUT)/30-CSFAO [O.6.2.6]/31-CSFAO-50 20 kph AEB (Day)/1804-VUT 5 kph; FCTB-50 20 kph AEB (Day)-ENCAP/V14_T1804_R6.txt,14-BZ3X,AEB,f0930bc8a6607addafaf256a7e6403165325511ce625c9205659be707a9401b6,aeb_pedal_dragged,10.38,10.7,42.95,-42.3,42.01,0.0,1,,,foot_pre_event
15-TANG L-CNCAP2024/26-C-NCAP VRU 2024 (VUT)/12-CPLA [O.6.1.6]/13-CPLA-25 5 kph AEB (Day)/5144-VUT 20 kph; CPLA-25 5 kph AEB (Day)/V15_T5144_R1.txt,15-TANG L-CNCAP2024,CPLA,59a5564ba2f5ec50bd6edcec75e9b1ef64c6de585b1f3bad6eff54675e1c9736,aeb_pedal_dragged,21.78,20.35,34.569,-2.29,35.15,0.0,0,,,no_tension_force_ge_30n
15-TANG L-CNCAP2024/26-C-NCAP VRU 2024 (VUT)/32-CBLA [O.6.2.7]/33-CBLA-25 15 kph AEB (Day)/5219-VUT 20 kph; CBLA-25 15 kph AEB (Day)/V15_T5219_R1.txt,15-TANG L-CNCAP2024,CBLA,938dcd0134bf567348f7ae35c1b1b67c39fac71d8b717ae504d4a735cc4d9a3d,aeb_pedal_dragged,16.96,19.95,37.128,-4.91,43.11,0.033,0,1,,no_tension_force_ge_30n
8-huajingS/5-C-NCAP ADAS 2024 (VUT)/15-SCP [L.6.1.7]/16-AEB/17-Farside/19-GVT 30 kph/106-VUT 40 kph; CCScp Farside GVT 30 kph AEB/V8_T106_R2.txt,8-huajingS,SCP,f32020e052fdc5e42786490e4b00d84eb26c110ed54839368ef992c679c2c780,aeb_pedal_dragged,18.8,40.35,20.534,-0.3,39.06,0.044,0,1,,no_tension_force_ge_30n
9-BZ7/5-C-IASI ADAS 2024 (VUT)/9-CCR [L.6.1]/10-AEB-CNCAP/11-CCRs/55-VUT 30 kph; CCRs 50 % AEB (1)/V9_T55_R3.txt,9-BZ7,CCRS,4634a17c4fb118675f230a295b9ed6a0d634b529baf055e30681349887cc5864,aeb_pedal_dragged,19.63,29.31,20.907,1.15,32.92,0.0,0,,,no_tension_force_ge_30n
9-BZ7/5-C-IASI ADAS 2024 (VUT)/9-CCR [L.6.1]/10-AEB-CNCAP/11-CCRs/58-VUT 40 kph; CCRs -50 % AEB (1)/V9_T58_R3.txt,9-BZ7,CCRS,d4f2dcf5a9f0631144db5eed360b1645b094821f75b81b196fdfe51ccf7349d2,aeb_pedal_dragged,18.68,39.41,32.711,1.06,30.0,0.0,0,,,no_tension_force_ge_30n
9-BZ7/5-C-IASI ADAS 2024 (VUT)/9-CCR [L.6.1]/10-AEB-CNCAP/11-CCRs/694-VUT 45 kph; Truck CCRs -50 % AEB (1)/V9_T694_R2.txt,9-BZ7,CCRS,d4cf8fdc15ad4ab936f91257bc0d5cf567794a8acb1ed3f7fb7cac324e8b7d49,aeb_pedal_dragged,18.0,44.47,22.777,1.14,38.73,0.0,0,,,no_tension_force_ge_30n
9-BZ7/5-C-IASI ADAS 2024 (VUT)/9-CCR [L.6.1]/10-AEB-CNCAP/11-CCRs/697-VUT 45 kph; Truck CCRs 100 % AEB (1)/V9_T697_R2.txt,9-BZ7,CCRS,64f6c40fe022cfde8f3f6fa9d825d1c584cec0898d9da0e1c51922d3cd019b43,aeb_pedal_dragged,18.95,44.49,23.357,0.72,35.14,0.032,0,1,,no_tension_force_ge_30n
9-BZ7/6-C-NCAP ADAS 2024 (VUT)/9-CCR [L.6.1]/10-AEB-CIASI/11-CCRs/226-VUT 50 kph; CCRs -50 % AEB (1)/V9_T226_R1.txt,9-BZ7,CCRS,6cdbaf949442802a6715a80fef166a2815a73274c01cda3dc0f81bdb1f36cf67,aeb_pedal_dragged,23.0,49.19,30.486,0.61,35.06,0.0,0,,,no_tension_force_ge_30n
9-BZ7/6-C-NCAP ADAS 2024 (VUT)/9-CCR [L.6.1]/10-AEB-CIASI/11-CCRs/229-VUT 30 kph; CCRs 50 % AEB (1)/V9_T229_R1.txt,9-BZ7,CCRS,36987e092b2bc2e913d7a1926ec665ceff3a8ecc1b69cf24c0d6ff0a0cf24c5c,aeb_pedal_dragged,18.2,29.33,26.174,0.17,36.33,0.0,0,,,no_tension_force_ge_30n
9-BZ7/6-C-NCAP ADAS 2024 (VUT)/9-CCR [L.6.1]/10-AEB-CIASI/11-CCRs/232-VUT 40 kph; CCRs 100 % AEB (1)/V9_T232_R3.txt,9-BZ7,CCRS,379d1397e274c8a647a59a1bbaf16963cbb83aedc0e56532564487128244d138,aeb_pedal_dragged,15.24,39.23,29.284,-1.19,33.82,0.0,0,,,no_tension_force_ge_30n
9-BZ7/7-C-IASI VRU 2024 (VUT)/17-CPNSOC&CPNDOC [O.6.1.7]/18-CPNSOC & CPNDOC 5 kph AEB (Day)/454-VUT 60 kph; CPNSOC-50 5 kph AEB (Day) (1)/V9_T454_R1.txt,9-BZ7,AEB,c8917a3aabc1478dc194902ba3be16290b5ba4bd8230c7fb11c29c0dc752de9d,aeb_pedal_dragged,19.98,60.42,39.526,1.11,36.8,0.0,0,1,,no_tension_force_ge_30n
9-BZ7/7-C-IASI VRU 2024 (VUT)/17-CPNSOC&CPNDOC [O.6.1.7]/18-CPNSOC & CPNDOC 5 kph AEB (Day)/454-VUT 60 kph; CPNSOC-50 5 kph AEB (Day) (1)/V9_T454_R2.txt,9-BZ7,AEB,04e156f6befaeb67ca28129deb4c92be6233ded28b0f7f38b58823fc11db4766,aeb_pedal_dragged,20.31,60.41,39.677,0.94,39.58,0.0,0,,,no_tension_force_ge_30n
9-BZ7/8-C-NCAP VRU 2024 (VUT)/19-CPFAO [O.6.1.8]/20-CPFAO-25 6.5 kph AEB (Day)/619-VUT 60 kph; CPFAO-25 6.5 kph AEB (Day) (1)/V9_T619_R3.txt,9-BZ7,AEB,6a989502963bdd27e9a5e0ba1700a18d9d333684701c1cd5f9c3a139f454ca2d,aeb_pedal_dragged,19.08,59.31,37.475,0.56,33.85,0.0,0,,,no_tension_force_ge_30n
9-BZ7/8-C-NCAP VRU 2024 (VUT)/28-CBNAO [O.6.2.5]/29-CBNAO-50 15 kph AEB (Day)/661-VUT 20 kph; CBNAO-50 15 kph AEB (Day) (1)/V9_T661_R1.txt,9-BZ7,AEB,4a7c3978ad7de3c4aae47abb3eccea16cc4edf89f2bcebaacd75161bc8739bbf,aeb_pedal_dragged,16.64,19.01,17.238,-1.79,37.18,0.023,0,1,,no_tension_force_ge_30n
Guang_Qi_S9_data/5-C-NCAP VRU 2024 (VUT)/24-CPTA-LF [O.6.1.10]/25-CPTA-LF 6.5 kph AEB (Day)/291-VUT 30 kph; CPTA-LF 6.5 kph AEB (Day)/V4_T291_R2.txt,Guang_Qi_S9_data,CPTA,25ff373a86ca3ae5b72e7a1b1cdecd44fb26a5c4d0950ce8eca677635783596a,aeb_pedal_dragged,35.61,30.05,68.272,-0.08,15.41,0.0,0,,,foot_pre_event
XPengP7+_data/2-C-NCAP ADAS 2024 (VUT)/38-CCFT [L.6.1.9]/39-AEB/40-Farside/41-GVT 20 kph/104-VUT 10 kph; CCFT 20 kph AEB/V2_T104_R1.txt,XPengP7+_data,CCFT,1c0dea561e8b15ae9d20c62962afb7b9272697722b1520608930359d08eacb61,aeb_pedal_dragged,32.59,10.17,36.049,-0.2,13.69,0.0,0,,,foot_pre_event
XPengP7+_data/2-C-NCAP ADAS 2024 (VUT)/38-CCFT [L.6.1.9]/39-AEB/40-Farside/42-GVT 40 kph/107-VUT 20 kph; CCFT 40 kph AEB/V2_T107_R1.txt,XPengP7+_data,CCFT,07870e4a9a53bf4a1ea245ff37126bf8cae4ee70a0d6207dad3adf3fc30df77b,aeb_pedal_dragged,38.55,19.97,47.867,13.74,23.64,0.0,0,,,foot_pre_event
XPengP7+_data/2-C-NCAP ADAS 2024 (VUT)/38-CCFT [L.6.1.9]/39-AEB/40-Farside/43-GVT 50 kph/110-VUT 30 kph; CCFT 50 kph AEB/V2_T110_R1.txt,XPengP7+_data,CCFT,0e7a75782d254dd04845c6168c2fa1c2a6fcdbe999e6d8757972858ce25d4ada,aeb_pedal_dragged,27.2,30.15,43.294,1.25,31.73,0.0,0,,,foot_pre_event
XPengP7+_data/2-C-NCAP ADAS 2024 (VUT)/9-CCR [L.6.1]/10-AEB/11-CCRs/27-VUT 20 kph; CCRs -50 % AEB/V2_T27_R1.txt,XPengP7+_data,CCRS,c0db1725fb3a8d9beacb30285c049e236d356d70cf9a28ab1488e740ad4be50d,aeb_pedal_dragged,17.28,20.44,35.244,1.57,36.26,0.0,0,,,no_tension_force_ge_30n
XPengP7+_data/9-C-NCAP VRU 2024 (VUT)/37-CSTA-RN [O.6.2.9]/38-CSTA-RN 20 kph AEB (Day)/1236-VUT 20 kph; CSTA-RN 20 kph AEB (Day)/V2_T1236_R1.txt,XPengP7+_data,AEB,d5db5d268fb8faf31a06e942951c65c2a62e2a9f749b363b40e898997ae1ef68,aeb_pedal_static,19.66,17.76,0.004,2.64,26.66,0.0,0,,,foot_pre_event
