kept_run,duplicate_run,sha256
9-BZ7/5-C-IASI ADAS 2024 (VUT)/38-CCFT [L.6.1.9]/39-AEB/40-Farside/41-GVT 15 kph/129-VUT 15 kph; CCFT 30 kph AEB (1)/V9_T129_R3.txt,9-BZ7/5-C-IASI ADAS 2024 (VUT)/38-CCFT [L.6.1.9]/39-AEB/40-Farside/41-GVT 15 kph/129-VUT 15 kph; CCFT 30 kph AEB/V9_T129_R3.txt,35b46146cdaa5f50aa94c38aeba2063ee9913cb54ac43bf4c456f0c7c9ca8965
9-BZ7/5-C-IASI ADAS 2024 (VUT)/38-CCFT [L.6.1.9]/39-AEB/40-Farside/41-GVT 15 kph/129-VUT 15 kph; CCFT 30 kph AEB (1)/V9_T129_R4.txt,9-BZ7/5-C-IASI ADAS 2024 (VUT)/38-CCFT [L.6.1.9]/39-AEB/40-Farside/41-GVT 15 kph/129-VUT 15 kph; CCFT 30 kph AEB/V9_T129_R4.txt,b0858574d894a333fb9d07c160ddd4b15bc3c461a9556ba28058436052e0fa96
9-BZ7/5-C-IASI ADAS 2024 (VUT)/38-CCFT [L.6.1.9]/39-AEB/40-Farside/41-GVT 15 kph/129-VUT 15 kph; CCFT 30 kph AEB (1)/V9_T129_R5.txt,9-BZ7/5-C-IASI ADAS 2024 (VUT)/38-CCFT [L.6.1.9]/39-AEB/40-Farside/41-GVT 15 kph/129-VUT 15 kph; CCFT 30 kph AEB/V9_T129_R5.txt,bc85e362806d9c53a5012c915d571ff89eecf3f4b6bd4923ac17c365a9a52928
9-BZ7/5-C-IASI ADAS 2024 (VUT)/9-CCR [L.6.1]/10-AEB-CNCAP/11-CCRs/52-VUT 20 kph; CCRs -50 % AEB (1)/V9_T52_R1.txt,9-BZ7/5-C-IASI ADAS 2024 (VUT)/9-CCR [L.6.1]/10-AEB-CNCAP/11-CCRs/52-VUT 20 kph; CCRs -50 % AEB/V9_T52_R1.txt,dd68a9683d20968d857dd73e6c55ac34b7e7897922b04dc89fd7ec65f0ab3be1
9-BZ7/5-C-IASI ADAS 2024 (VUT)/9-CCR [L.6.1]/10-AEB-CNCAP/11-CCRs/52-VUT 20 kph; CCRs -50 % AEB (1)/V9_T52_R2.txt,9-BZ7/5-C-IASI ADAS 2024 (VUT)/9-CCR [L.6.1]/10-AEB-CNCAP/11-CCRs/52-VUT 20 kph; CCRs -50 % AEB/V9_T52_R2.txt,cc713afc8aba1240a49323ad89b0ac1bc2326b055e5d6acbfc45fe84133b5bd9
9-BZ7/5-C-IASI ADAS 2024 (VUT)/9-CCR [L.6.1]/10-AEB-CNCAP/11-CCRs/52-VUT 20 kph; CCRs -50 % AEB (1)/V9_T52_R3.txt,9-BZ7/5-C-IASI ADAS 2024 (VUT)/9-CCR [L.6.1]/10-AEB-CNCAP/11-CCRs/52-VUT 20 kph; CCRs -50 % AEB/V9_T52_R3.txt,25cb80a9b7779fa9bc2ab1eeaa17d4fd130da7ba1be8f0a159325806d47290ea
9-BZ7/5-C-IASI ADAS 2024 (VUT)/9-CCR [L.6.1]/10-AEB-CNCAP/11-CCRs/55-VUT 30 kph; CCRs 50 % AEB (1)/V9_T55_R1.txt,9-BZ7/5-C-IASI ADAS 2024 (VUT)/9-CCR [L.6.1]/10-AEB-CNCAP/11-CCRs/55-VUT 30 kph; CCRs 50 % AEB/V9_T55_R1.txt,4553090622c9f408e94de6f508ae15ab49511ee5347685026706de6331fcba36
9-BZ7/5-C-IASI ADAS 2024 (VUT)/9-CCR [L.6.1]/10-AEB-CNCAP/11-CCRs/55-VUT 30 kph; CCRs 50 % AEB (1)/V9_T55_R2.txt,9-BZ7/5-C-IASI ADAS 2024 (VUT)/9-CCR [L.6.1]/10-AEB-CNCAP/11-CCRs/55-VUT 30 kph; CCRs 50 % AEB/V9_T55_R2.txt,e31b6922e2759a00bc6dad22d28019309d0afe8a53ce3f73a6e7cba8e739ab0a
9-BZ7/5-C-IASI ADAS 2024 (VUT)/9-CCR [L.6.1]/10-AEB-CNCAP/11-CCRs/55-VUT 30 kph; CCRs 50 % AEB (1)/V9_T55_R3.txt,9-BZ7/5-C-IASI ADAS 2024 (VUT)/9-CCR [L.6.1]/10-AEB-CNCAP/11-CCRs/55-VUT 30 kph; CCRs 50 % AEB/V9_T55_R3.txt,4634a17c4fb118675f230a295b9ed6a0d634b529baf055e30681349887cc5864
9-BZ7/5-C-IASI ADAS 2024 (VUT)/9-CCR [L.6.1]/10-AEB-CNCAP/11-CCRs/58-VUT 40 kph; CCRs -50 % AEB (1)/V9_T58_R1.txt,9-BZ7/5-C-IASI ADAS 2024 (VUT)/9-CCR [L.6.1]/10-AEB-CNCAP/11-CCRs/58-VUT 40 kph; CCRs -50 % AEB/V9_T58_R1.txt,a4dfaa4c596f2cae36152cbf08407e892d1a70cadf548ee34a5e22a177ab6c86
9-BZ7/5-C-IASI ADAS 2024 (VUT)/9-CCR [L.6.1]/10-AEB-CNCAP/11-CCRs/58-VUT 40 kph; CCRs -50 % AEB (1)/V9_T58_R2.txt,9-BZ7/5-C-IASI ADAS 2024 (VUT)/9-CCR [L.6.1]/10-AEB-CNCAP/11-CCRs/58-VUT 40 kph; CCRs -50 % AEB/V9_T58_R2.txt,573d1e39c0cc4e4653bf7c6e9f7711cc9f58c310a42e7551ace4f952737df679
9-BZ7/5-C-IASI ADAS 2024 (VUT)/9-CCR [L.6.1]/10-AEB-CNCAP/11-CCRs/58-VUT 40 kph; CCRs -50 % AEB (1)/V9_T58_R3.txt,9-BZ7/5-C-IASI ADAS 2024 (VUT)/9-CCR [L.6.1]/10-AEB-CNCAP/11-CCRs/58-VUT 40 kph; CCRs -50 % AEB/V9_T58_R3.txt,d4f2dcf5a9f0631144db5eed360b1645b094821f75b81b196fdfe51ccf7349d2
9-BZ7/5-C-IASI ADAS 2024 (VUT)/9-CCR [L.6.1]/10-AEB-CNCAP/11-CCRs/694-VUT 45 kph; Truck CCRs -50 % AEB (1)/V9_T694_R1.txt,9-BZ7/5-C-IASI ADAS 2024 (VUT)/9-CCR [L.6.1]/10-AEB-CNCAP/11-CCRs/694-VUT 45 kph; Truck CCRs -50 % AEB/V9_T694_R1.txt,7189e6f647e0f8fa87504cbd417bad89f8f15bd64781508ade52384ebbed2cd3
9-BZ7/5-C-IASI ADAS 2024 (VUT)/9-CCR [L.6.1]/10-AEB-CNCAP/11-CCRs/694-VUT 45 kph; Truck CCRs -50 % AEB (1)/V9_T694_R2.txt,9-BZ7/5-C-IASI ADAS 2024 (VUT)/9-CCR [L.6.1]/10-AEB-CNCAP/11-CCRs/694-VUT 45 kph; Truck CCRs -50 % AEB/V9_T694_R2.txt,d4cf8fdc15ad4ab936f91257bc0d5cf567794a8acb1ed3f7fb7cac324e8b7d49
9-BZ7/5-C-IASI ADAS 2024 (VUT)/9-CCR [L.6.1]/10-AEB-CNCAP/11-CCRs/697-VUT 45 kph; Truck CCRs 100 % AEB (1)/V9_T697_R1.txt,9-BZ7/5-C-IASI ADAS 2024 (VUT)/9-CCR [L.6.1]/10-AEB-CNCAP/11-CCRs/697-VUT 45 kph; Truck CCRs 100 % AEB/V9_T697_R1.txt,0a356822bce6f46de435869c9b51d7b8a66cd1e0fc19e4291f8c74527e0d5e76
9-BZ7/5-C-IASI ADAS 2024 (VUT)/9-CCR [L.6.1]/10-AEB-CNCAP/11-CCRs/697-VUT 45 kph; Truck CCRs 100 % AEB (1)/V9_T697_R2.txt,9-BZ7/5-C-IASI ADAS 2024 (VUT)/9-CCR [L.6.1]/10-AEB-CNCAP/11-CCRs/697-VUT 45 kph; Truck CCRs 100 % AEB/V9_T697_R2.txt,64f6c40fe022cfde8f3f6fa9d825d1c584cec0898d9da0e1c51922d3cd019b43
9-BZ7/5-C-IASI ADAS 2024 (VUT)/9-CCR [L.6.1]/10-AEB-CNCAP/11-CCRs/700-VUT 45 kph; Truck CCRs50 % AEB (1)/V9_T700_R1.txt,9-BZ7/5-C-IASI ADAS 2024 (VUT)/9-CCR [L.6.1]/10-AEB-CNCAP/11-CCRs/700-VUT 45 kph; Truck CCRs50 % AEB/V9_T700_R1.txt,953d76aca2299c2633f68eb0cc27a29cf139ebb27d50e20b32870a4609ca494b
9-BZ7/5-C-IASI ADAS 2024 (VUT)/9-CCR [L.6.1]/10-AEB-CNCAP/11-CCRs/700-VUT 45 kph; Truck CCRs50 % AEB (1)/V9_T700_R2.txt,9-BZ7/5-C-IASI ADAS 2024 (VUT)/9-CCR [L.6.1]/10-AEB-CNCAP/11-CCRs/700-VUT 45 kph; Truck CCRs50 % AEB/V9_T700_R2.txt,25d747c4e3b150a6395ec07442108d6326adb74a06ba89aa2dd67ba1885c4ce1
9-BZ7/5-C-IASI ADAS 2024 (VUT)/9-CCR [L.6.1]/10-AEB-CNCAP/11-CCRs/703-VUT 55 kph; Truck CCRs -50 % AEB (1)/V9_T703_R1.txt,9-BZ7/5-C-IASI ADAS 2024 (VUT)/9-CCR [L.6.1]/10-AEB-CNCAP/11-CCRs/703-VUT 55 kph; Truck CCRs -50 % AEB/V9_T703_R1.txt,45b6db4655466ed157102b2ee22a225fa2c58ad8ec3bcf15a91c1be112a20424
9-BZ7/5-C-IASI ADAS 2024 (VUT)/9-CCR [L.6.1]/10-AEB-CNCAP/11-CCRs/703-VUT 55 kph; Truck CCRs -50 % AEB (1)/V9_T703_R2.txt,9-BZ7/5-C-IASI ADAS 2024 (VUT)/9-CCR [L.6.1]/10-AEB-CNCAP/11-CCRs/703-VUT 55 kph; Truck CCRs -50 % AEB/V9_T703_R2.txt,20b831c5a2d7240862bc935b71146ff5169a9205a2ecd6bc5e78f3886200cdc6
9-BZ7/5-C-IASI ADAS 2024 (VUT)/9-CCR [L.6.1]/10-AEB-CNCAP/11-CCRs/706-VUT 55kph; Truck CCRs 100 % AEB (1)/V9_T706_R1.txt,9-BZ7/5-C-IASI ADAS 2024 (VUT)/9-CCR [L.6.1]/10-AEB-CNCAP/11-CCRs/706-VUT 55kph; Truck CCRs 100 % AEB/V9_T706_R1.txt,56b1a2c4a360788cc12059d21b4b931241dcad769346151549a42bacd97f9665
9-BZ7/5-C-IASI ADAS 2024 (VUT)/9-CCR [L.6.1]/10-AEB-CNCAP/11-CCRs/706-VUT 55kph; Truck CCRs 100 % AEB (1)/V9_T706_R2.txt,9-BZ7/5-C-IASI ADAS 2024 (VUT)/9-CCR [L.6.1]/10-AEB-CNCAP/11-CCRs/706-VUT 55kph; Truck CCRs 100 % AEB/V9_T706_R2.txt,d217180cff6b5d3760e7a5a5f4954780fb8ceb29b4b1c7ad5e05355a5c080f29
9-BZ7/5-C-IASI ADAS 2024 (VUT)/9-CCR [L.6.1]/10-AEB-CNCAP/11-CCRs/709-VUT 55 kph; Truck CCRs50 % AEB (1)/V9_T709_R1.txt,9-BZ7/5-C-IASI ADAS 2024 (VUT)/9-CCR [L.6.1]/10-AEB-CNCAP/11-CCRs/709-VUT 55 kph; Truck CCRs50 % AEB/V9_T709_R1.txt,4af2d04210677740903b03d2c4431531aa818dd378ea5152e7cbb1d11b2f9114
9-BZ7/5-C-IASI ADAS 2024 (VUT)/9-CCR [L.6.1]/10-AEB-CNCAP/11-CCRs/709-VUT 55 kph; Truck CCRs50 % AEB (1)/V9_T709_R2.txt,9-BZ7/5-C-IASI ADAS 2024 (VUT)/9-CCR [L.6.1]/10-AEB-CNCAP/11-CCRs/709-VUT 55 kph; Truck CCRs50 % AEB/V9_T709_R2.txt,9f6b273e4310e9a38358b5b89a56fc4d6432cebbe64a521eda69243398453f00
9-BZ7/6-C-NCAP ADAS 2024 (VUT)/15-SCP [L.6.1.7]/16-AEB/17-Farside/18-GVT 20 kph/275-VUT 30 kph; CCScp Farside GVT 20 kph AEB (1)/V9_T275_R1.txt,9-BZ7/6-C-NCAP ADAS 2024 (VUT)/15-SCP [L.6.1.7]/16-AEB/17-Farside/18-GVT 20 kph/275-VUT 30 kph; CCScp Farside GVT 20 kph AEB/V9_T275_R1.txt,513f049362fa5ac24049e8933cad713e000e84f7b52f31aa353c15a38733a596
9-BZ7/6-C-NCAP ADAS 2024 (VUT)/15-SCP [L.6.1.7]/16-AEB/17-Farside/18-GVT 20 kph/275-VUT 30 kph; CCScp Farside GVT 20 kph AEB (1)/V9_T275_R2.txt,9-BZ7/6-C-NCAP ADAS 2024 (VUT)/15-SCP [L.6.1.7]/16-AEB/17-Farside/18-GVT 20 kph/275-VUT 30 kph; CCScp Farside GVT 20 kph AEB/V9_T275_R2.txt,b67128a61223fca8ef1d087bdda689f43707ea89d8a9ac82840a44aea07598bf
9-BZ7/6-C-NCAP ADAS 2024 (VUT)/15-SCP [L.6.1.7]/16-AEB/17-Farside/18-GVT 20 kph/275-VUT 30 kph; CCScp Farside GVT 20 kph AEB (1)/V9_T275_R3.txt,9-BZ7/6-C-NCAP ADAS 2024 (VUT)/15-SCP [L.6.1.7]/16-AEB/17-Farside/18-GVT 20 kph/275-VUT 30 kph; CCScp Farside GVT 20 kph AEB/V9_T275_R3.txt,318c1f9b23454d45f4968de293045922f1470156ac886f59fb1371fdae0a8ca0
9-BZ7/6-C-NCAP ADAS 2024 (VUT)/15-SCP [L.6.1.7]/16-AEB/17-Farside/19-GVT 30 kph/278-VUT 40 kph; CCScp Farside GVT 30 kph AEB (1)/V9_T278_R1.txt,9-BZ7/6-C-NCAP ADAS 2024 (VUT)/15-SCP [L.6.1.7]/16-AEB/17-Farside/19-GVT 30 kph/278-VUT 40 kph; CCScp Farside GVT 30 kph AEB/V9_T278_R1.txt,db49134944ffed87e8d3ba1503f012dae13b163e08a8af8c42fe85eef655eeb4
9-BZ7/6-C-NCAP ADAS 2024 (VUT)/15-SCP [L.6.1.7]/16-AEB/17-Farside/19-GVT 30 kph/278-VUT 40 kph; CCScp Farside GVT 30 kph AEB (1)/V9_T278_R2.txt,9-BZ7/6-C-NCAP ADAS 2024 (VUT)/15-SCP [L.6.1.7]/16-AEB/17-Farside/19-GVT 30 kph/278-VUT 40 kph; CCScp Farside GVT 30 kph AEB/V9_T278_R2.txt,228fa52c4329ba2f9daec1b79244f7ea08d271b2acf1f137efeb1ec4376c0cba
9-BZ7/6-C-NCAP ADAS 2024 (VUT)/15-SCP [L.6.1.7]/16-AEB/17-Farside/19-GVT 30 kph/278-VUT 40 kph; CCScp Farside GVT 30 kph AEB (1)/V9_T278_R3.txt,9-BZ7/6-C-NCAP ADAS 2024 (VUT)/15-SCP [L.6.1.7]/16-AEB/17-Farside/19-GVT 30 kph/278-VUT 40 kph; CCScp Farside GVT 30 kph AEB/V9_T278_R3.txt,b6b24215ef2c993ccd79c7efb8e8dacf00c761e8eed8fc157e20e7a1a51b6f41
9-BZ7/6-C-NCAP ADAS 2024 (VUT)/38-CCFT [L.6.1.9]/39-AEB/40-Farside/42-GVT 40 kph/306-VUT 20 kph; CCFT 40 kph AEB (1)/V9_T306_R2.txt,9-BZ7/6-C-NCAP ADAS 2024 (VUT)/38-CCFT [L.6.1.9]/39-AEB/40-Farside/42-GVT 40 kph/306-VUT 20 kph; CCFT 40 kph AEB/V9_T306_R2.txt,44b8b0f5ae0d8f49d52727436bb8de5575568be4850ac5256413a57917de321d
9-BZ7/6-C-NCAP ADAS 2024 (VUT)/38-CCFT [L.6.1.9]/39-AEB/40-Farside/42-GVT 40 kph/306-VUT 20 kph; CCFT 40 kph AEB (1)/V9_T306_R3.txt,9-BZ7/6-C-NCAP ADAS 2024 (VUT)/38-CCFT [L.6.1.9]/39-AEB/40-Farside/42-GVT 40 kph/306-VUT 20 kph; CCFT 40 kph AEB/V9_T306_R3.txt,1aed04cbd258eb96b5fd43dfa20fc938a314a46addbde3f600287dbea74d1047
9-BZ7/6-C-NCAP ADAS 2024 (VUT)/38-CCFT [L.6.1.9]/39-AEB/40-Farside/42-GVT 40 kph/306-VUT 20 kph; CCFT 40 kph AEB (1)/V9_T306_R4.txt,9-BZ7/6-C-NCAP ADAS 2024 (VUT)/38-CCFT [L.6.1.9]/39-AEB/40-Farside/42-GVT 40 kph/306-VUT 20 kph; CCFT 40 kph AEB/V9_T306_R4.txt,b1a864cbe3e57c88399f11091d000bb3f025005b884159d2e3b8f383cf19c1ee
9-BZ7/6-C-NCAP ADAS 2024 (VUT)/38-CCFT [L.6.1.9]/39-AEB/40-Farside/43-GVT 50 kph/309-VUT 30 kph; CCFT 50 kph AEB (1)/V9_T309_R2.txt,9-BZ7/6-C-NCAP ADAS 2024 (VUT)/38-CCFT [L.6.1.9]/39-AEB/40-Farside/43-GVT 50 kph/309-VUT 30 kph; CCFT 50 kph AEB/V9_T309_R2.txt,c8e6b4e097ab2a9f9d91819c9d450d1ca02eae48d42747009ade7147b3ab20c4
9-BZ7/6-C-NCAP ADAS 2024 (VUT)/38-CCFT [L.6.1.9]/39-AEB/40-Farside/43-GVT 50 kph/309-VUT 30 kph; CCFT 50 kph AEB (1)/V9_T309_R3.txt,9-BZ7/6-C-NCAP ADAS 2024 (VUT)/38-CCFT [L.6.1.9]/39-AEB/40-Farside/43-GVT 50 kph/309-VUT 30 kph; CCFT 50 kph AEB/V9_T309_R3.txt,8db6934e30facb7fc7d0cb9a3d20de728b5c9cc428f52492739060a861676507
9-BZ7/6-C-NCAP ADAS 2024 (VUT)/38-CCFT [L.6.1.9]/39-AEB/40-Farside/43-GVT 50 kph/309-VUT 30 kph; CCFT 50 kph AEB (1)/V9_T309_R4.txt,9-BZ7/6-C-NCAP ADAS 2024 (VUT)/38-CCFT [L.6.1.9]/39-AEB/40-Farside/43-GVT 50 kph/309-VUT 30 kph; CCFT 50 kph AEB/V9_T309_R4.txt,b9193829fcf2a103b71d93048e5c3bac338ab64520e3fe0a7ea7b359ac31253e
9-BZ7/6-C-NCAP ADAS 2024 (VUT)/9-CCR [L.6.1]/10-AEB-CIASI/11-CCRs/226-VUT 50 kph; CCRs -50 % AEB (1)/V9_T226_R1.txt,9-BZ7/6-C-NCAP ADAS 2024 (VUT)/9-CCR [L.6.1]/10-AEB-CIASI/11-CCRs/226-VUT 50 kph; CCRs -50 % AEB/V9_T226_R1.txt,6cdbaf949442802a6715a80fef166a2815a73274c01cda3dc0f81bdb1f36cf67
9-BZ7/6-C-NCAP ADAS 2024 (VUT)/9-CCR [L.6.1]/10-AEB-CIASI/11-CCRs/226-VUT 50 kph; CCRs -50 % AEB (1)/V9_T226_R2.txt,9-BZ7/6-C-NCAP ADAS 2024 (VUT)/9-CCR [L.6.1]/10-AEB-CIASI/11-CCRs/226-VUT 50 kph; CCRs -50 % AEB/V9_T226_R2.txt,e16ffb0459ac2354d4fa65b893940804324ed4ba59767120026fb59d9af02aec
9-BZ7/6-C-NCAP ADAS 2024 (VUT)/9-CCR [L.6.1]/10-AEB-CIASI/11-CCRs/229-VUT 30 kph; CCRs 50 % AEB (1)/V9_T229_R1.txt,9-BZ7/6-C-NCAP ADAS 2024 (VUT)/9-CCR [L.6.1]/10-AEB-CIASI/11-CCRs/229-VUT 30 kph; CCRs 50 % AEB/V9_T229_R1.txt,36987e092b2bc2e913d7a1926ec665ceff3a8ecc1b69cf24c0d6ff0a0cf24c5c
9-BZ7/6-C-NCAP ADAS 2024 (VUT)/9-CCR [L.6.1]/10-AEB-CIASI/11-CCRs/229-VUT 30 kph; CCRs 50 % AEB (1)/V9_T229_R3.txt,9-BZ7/6-C-NCAP ADAS 2024 (VUT)/9-CCR [L.6.1]/10-AEB-CIASI/11-CCRs/229-VUT 30 kph; CCRs 50 % AEB/V9_T229_R3.txt,66c2f90d922543b935a81cd7f6263b4e93de58d38627b5051261ffc98a18ffdd
9-BZ7/6-C-NCAP ADAS 2024 (VUT)/9-CCR [L.6.1]/10-AEB-CIASI/11-CCRs/232-VUT 40 kph; CCRs 100 % AEB (1)/V9_T232_R1.txt,9-BZ7/6-C-NCAP ADAS 2024 (VUT)/9-CCR [L.6.1]/10-AEB-CIASI/11-CCRs/232-VUT 40 kph; CCRs 100 % AEB/V9_T232_R1.txt,6f373c324278e51025cd49c96a7ebd8c755209a4e7abb5c42d9eac1e54d8fd6f
9-BZ7/6-C-NCAP ADAS 2024 (VUT)/9-CCR [L.6.1]/10-AEB-CIASI/11-CCRs/232-VUT 40 kph; CCRs 100 % AEB (1)/V9_T232_R3.txt,9-BZ7/6-C-NCAP ADAS 2024 (VUT)/9-CCR [L.6.1]/10-AEB-CIASI/11-CCRs/232-VUT 40 kph; CCRs 100 % AEB/V9_T232_R3.txt,379d1397e274c8a647a59a1bbaf16963cbb83aedc0e56532564487128244d138
9-BZ7/7-C-IASI VRU 2024 (VUT)/12-CPLA [O.6.1.6]/13-CPLA-35Kph&55Kph 5 kph AEB (Day)/412-VUT 35 kph; CPLA-25 5 kph AEB (Day) (1)/V9_T412_R1.txt,9-BZ7/7-C-IASI VRU 2024 (VUT)/12-CPLA [O.6.1.6]/13-CPLA-35Kph&55Kph 5 kph AEB (Day)/412-VUT 35 kph; CPLA-25 5 kph AEB (Day)/V9_T412_R1.txt,9ccb950c1207efe07168f0afe15f47b2db8f49ba759382fb7cf1690f9475162c
9-BZ7/7-C-IASI VRU 2024 (VUT)/12-CPLA [O.6.1.6]/13-CPLA-35Kph&55Kph 5 kph AEB (Day)/412-VUT 35 kph; CPLA-25 5 kph AEB (Day) (1)/V9_T412_R2.txt,9-BZ7/7-C-IASI VRU 2024 (VUT)/12-CPLA [O.6.1.6]/13-CPLA-35Kph&55Kph 5 kph AEB (Day)/412-VUT 35 kph; CPLA-25 5 kph AEB (Day)/V9_T412_R2.txt,c31bf8a27110b53e4ae5ff831d535d805a49b2ac2bfc85640b44d2d6f58b93c0
9-BZ7/7-C-IASI VRU 2024 (VUT)/12-CPLA [O.6.1.6]/13-CPLA-35Kph&55Kph 5 kph AEB (Day)/412-VUT 35 kph; CPLA-25 5 kph AEB (Day) (1)/V9_T412_R3.txt,9-BZ7/7-C-IASI VRU 2024 (VUT)/12-CPLA [O.6.1.6]/13-CPLA-35Kph&55Kph 5 kph AEB (Day)/412-VUT 35 kph; CPLA-25 5 kph AEB (Day)/V9_T412_R3.txt,fc4e2f8344861244bc5cd100fceea34991f3ed75b8095007f44b5602b7015cc4
9-BZ7/7-C-IASI VRU 2024 (VUT)/12-CPLA [O.6.1.6]/13-CPLA-35Kph&55Kph 5 kph AEB (Day)/418-VUT 55 kph; CPLA-25 5 kph AEB (Day) (1)/V9_T418_R1.txt,9-BZ7/7-C-IASI VRU 2024 (VUT)/12-CPLA [O.6.1.6]/13-CPLA-35Kph&55Kph 5 kph AEB (Day)/418-VUT 55 kph; CPLA-25 5 kph AEB (Day)/V9_T418_R1.txt,93177860c9fe6dd3c6271e7e6d4d939ad4cf3507dcdd143819771cf44652107f
9-BZ7/7-C-IASI VRU 2024 (VUT)/12-CPLA [O.6.1.6]/13-CPLA-35Kph&55Kph 5 kph AEB (Day)/418-VUT 55 kph; CPLA-25 5 kph AEB (Day) (1)/V9_T418_R2.txt,9-BZ7/7-C-IASI VRU 2024 (VUT)/12-CPLA [O.6.1.6]/13-CPLA-35Kph&55Kph 5 kph AEB (Day)/418-VUT 55 kph; CPLA-25 5 kph AEB (Day)/V9_T418_R2.txt,b48fe9cde184ad6e25f4e1cb80afd1d61f0fc958498219c6b664ec10b4d9776e
9-BZ7/7-C-IASI VRU 2024 (VUT)/12-CPLA [O.6.1.6]/13-CPLA-35Kph&55Kph 5 kph AEB (Day)/418-VUT 55 kph; CPLA-25 5 kph AEB (Day) (1)/V9_T418_R3.txt,9-BZ7/7-C-IASI VRU 2024 (VUT)/12-CPLA [O.6.1.6]/13-CPLA-35Kph&55Kph 5 kph AEB (Day)/418-VUT 55 kph; CPLA-25 5 kph AEB (Day)/V9_T418_R3.txt,e6db15aea1518fe175472c373723030b0230888bb672654561272d1aec44f2a5
9-BZ7/7-C-IASI VRU 2024 (VUT)/17-CPNSOC&CPNDOC [O.6.1.7]/18-CPNSOC & CPNDOC 5 kph AEB (Day)/445-VUT 40 kph; CPNSOC-50 5 kph AEB (Day) (1)/V9_T445_R1.txt,9-BZ7/7-C-IASI VRU 2024 (VUT)/17-CPNSOC&CPNDOC [O.6.1.7]/18-CPNSOC & CPNDOC 5 kph AEB (Day)/445-VUT 40 kph; CPNSOC-50 5 kph AEB (Day)/V9_T445_R1.txt,5f1dc0e8a65f118f44f7fa5438521acd8f37b1da7d8c88d54aab6c5d77954865
9-BZ7/7-C-IASI VRU 2024 (VUT)/17-CPNSOC&CPNDOC [O.6.1.7]/18-CPNSOC & CPNDOC 5 kph AEB (Day)/445-VUT 40 kph; CPNSOC-50 5 kph AEB (Day) (1)/V9_T445_R2.txt,9-BZ7/7-C-IASI VRU 2024 (VUT)/17-CPNSOC&CPNDOC [O.6.1.7]/18-CPNSOC & CPNDOC 5 kph AEB (Day)/445-VUT 40 kph; CPNSOC-50 5 kph AEB (Day)/V9_T445_R2.txt,61e17d2b9bae6c879db8f3388f81eff93ae6093fa7d63262cf9fec8d335a38a3
9-BZ7/7-C-IASI VRU 2024 (VUT)/17-CPNSOC&CPNDOC [O.6.1.7]/18-CPNSOC & CPNDOC 5 kph AEB (Day)/445-VUT 40 kph; CPNSOC-50 5 kph AEB (Day) (1)/V9_T445_R3.txt,9-BZ7/7-C-IASI VRU 2024 (VUT)/17-CPNSOC&CPNDOC [O.6.1.7]/18-CPNSOC & CPNDOC 5 kph AEB (Day)/445-VUT 40 kph; CPNSOC-50 5 kph AEB (Day)/V9_T445_R3.txt,f48bff913639bc338b7a0f4472d672a1ea72354bbb673eaa68cbdb264548540d
9-BZ7/7-C-IASI VRU 2024 (VUT)/17-CPNSOC&CPNDOC [O.6.1.7]/18-CPNSOC & CPNDOC 5 kph AEB (Day)/454-VUT 60 kph; CPNSOC-50 5 kph AEB (Day) (1)/V9_T454_R1.txt,9-BZ7/7-C-IASI VRU 2024 (VUT)/17-CPNSOC&CPNDOC [O.6.1.7]/18-CPNSOC & CPNDOC 5 kph AEB (Day)/454-VUT 60 kph; CPNSOC-50 5 kph AEB (Day)/V9_T454_R1.txt,c8917a3aabc1478dc194902ba3be16290b5ba4bd8230c7fb11c29c0dc752de9d
9-BZ7/7-C-IASI VRU 2024 (VUT)/17-CPNSOC&CPNDOC [O.6.1.7]/18-CPNSOC & CPNDOC 5 kph AEB (Day)/454-VUT 60 kph; CPNSOC-50 5 kph AEB (Day) (1)/V9_T454_R2.txt,9-BZ7/7-C-IASI VRU 2024 (VUT)/17-CPNSOC&CPNDOC [O.6.1.7]/18-CPNSOC & CPNDOC 5 kph AEB (Day)/454-VUT 60 kph; CPNSOC-50 5 kph AEB (Day)/V9_T454_R2.txt,04e156f6befaeb67ca28129deb4c92be6233ded28b0f7f38b58823fc11db4766
9-BZ7/7-C-IASI VRU 2024 (VUT)/17-CPNSOC&CPNDOC [O.6.1.7]/18-CPNSOC & CPNDOC 5 kph AEB (Day)/454-VUT 60 kph; CPNSOC-50 5 kph AEB (Day) (1)/V9_T454_R3.txt,9-BZ7/7-C-IASI VRU 2024 (VUT)/17-CPNSOC&CPNDOC [O.6.1.7]/18-CPNSOC & CPNDOC 5 kph AEB (Day)/454-VUT 60 kph; CPNSOC-50 5 kph AEB (Day)/V9_T454_R3.txt,31a22da9898a7cd75663a9b3b9e09291344cbd87492c24cfe868b4402226c6d2
9-BZ7/7-C-IASI VRU 2024 (VUT)/17-CPNSOC&CPNDOC [O.6.1.7]/18-CPNSOC & CPNDOC 5 kph AEB (Day)/532-VUT 20 kph; CPNDOC-50 5 kph AEB (Day) (1)/V9_T532_R1.txt,9-BZ7/7-C-IASI VRU 2024 (VUT)/17-CPNSOC&CPNDOC [O.6.1.7]/18-CPNSOC & CPNDOC 5 kph AEB (Day)/532-VUT 20 kph; CPNDOC-50 5 kph AEB (Day)/V9_T532_R1.txt,c59392fe497eb9edc0eee4224822988327a98c1b1c4679a9a2396d8a31b12f3e
9-BZ7/7-C-IASI VRU 2024 (VUT)/17-CPNSOC&CPNDOC [O.6.1.7]/18-CPNSOC & CPNDOC 5 kph AEB (Day)/532-VUT 20 kph; CPNDOC-50 5 kph AEB (Day) (1)/V9_T532_R2.txt,9-BZ7/7-C-IASI VRU 2024 (VUT)/17-CPNSOC&CPNDOC [O.6.1.7]/18-CPNSOC & CPNDOC 5 kph AEB (Day)/532-VUT 20 kph; CPNDOC-50 5 kph AEB (Day)/V9_T532_R2.txt,6ec2b2d35bf3b2a8c39a6bdf86cf7e97bedae1aff848047aa84703a817700a81
9-BZ7/7-C-IASI VRU 2024 (VUT)/17-CPNSOC&CPNDOC [O.6.1.7]/18-CPNSOC & CPNDOC 5 kph AEB (Day)/532-VUT 20 kph; CPNDOC-50 5 kph AEB (Day) (1)/V9_T532_R3.txt,9-BZ7/7-C-IASI VRU 2024 (VUT)/17-CPNSOC&CPNDOC [O.6.1.7]/18-CPNSOC & CPNDOC 5 kph AEB (Day)/532-VUT 20 kph; CPNDOC-50 5 kph AEB (Day)/V9_T532_R3.txt,af6fa01cd7a787f1a9bd00c9e6d16e2b239288d5ce67e1df9bbfa7d68b1e60ba
9-BZ7/7-C-IASI VRU 2024 (VUT)/17-CPNSOC&CPNDOC [O.6.1.7]/18-CPNSOC & CPNDOC 5 kph AEB (Day)/535-VUT 30 kph; CPNDOC-50 5 kph AEB (Day) (1)/V9_T535_R1.txt,9-BZ7/7-C-IASI VRU 2024 (VUT)/17-CPNSOC&CPNDOC [O.6.1.7]/18-CPNSOC & CPNDOC 5 kph AEB (Day)/535-VUT 30 kph; CPNDOC-50 5 kph AEB (Day)/V9_T535_R1.txt,2ec0d4e5ba383e0db1d268281c726b931d61fd0a2ce00d59c1334de1609b8336
9-BZ7/7-C-IASI VRU 2024 (VUT)/17-CPNSOC&CPNDOC [O.6.1.7]/18-CPNSOC & CPNDOC 5 kph AEB (Day)/535-VUT 30 kph; CPNDOC-50 5 kph AEB (Day) (1)/V9_T535_R2.txt,9-BZ7/7-C-IASI VRU 2024 (VUT)/17-CPNSOC&CPNDOC [O.6.1.7]/18-CPNSOC & CPNDOC 5 kph AEB (Day)/535-VUT 30 kph; CPNDOC-50 5 kph AEB (Day)/V9_T535_R2.txt,b10f59861ffe4ea2d1bc16312c0cbbb941c187593b1e705feb4eb83f15d52f31
9-BZ7/7-C-IASI VRU 2024 (VUT)/17-CPNSOC&CPNDOC [O.6.1.7]/18-CPNSOC & CPNDOC 5 kph AEB (Day)/535-VUT 30 kph; CPNDOC-50 5 kph AEB (Day) (1)/V9_T535_R3.txt,9-BZ7/7-C-IASI VRU 2024 (VUT)/17-CPNSOC&CPNDOC [O.6.1.7]/18-CPNSOC & CPNDOC 5 kph AEB (Day)/535-VUT 30 kph; CPNDOC-50 5 kph AEB (Day)/V9_T535_R3.txt,4d4a55433145121f347af1e45c5129d17497bf41d35b613e9d5c114e7b290992
9-BZ7/7-C-IASI VRU 2024 (VUT)/19-CPFAO [O.6.1.8]/20-CPFAO-50  5kph AEB(night)/439-VUT 20 kph; CPFAO-50 (1)/V9_T439_R1.txt,9-BZ7/7-C-IASI VRU 2024 (VUT)/19-CPFAO [O.6.1.8]/20-CPFAO-50  5kph AEB(night)/439-VUT 20 kph; CPFAO-50/V9_T439_R1.txt,ce7939e03c16838d9af69017100fcf3122b3bed77c63e1c749f440e21843133f
9-BZ7/7-C-IASI VRU 2024 (VUT)/19-CPFAO [O.6.1.8]/20-CPFAO-50  5kph AEB(night)/439-VUT 20 kph; CPFAO-50 (1)/V9_T439_R2.txt,9-BZ7/7-C-IASI VRU 2024 (VUT)/19-CPFAO [O.6.1.8]/20-CPFAO-50  5kph AEB(night)/439-VUT 20 kph; CPFAO-50/V9_T439_R2.txt,4dc7461ebf49b11b2b9c3dd391cec0aaa8a71c57a90208cfcac622c56020cfc8
9-BZ7/7-C-IASI VRU 2024 (VUT)/19-CPFAO [O.6.1.8]/20-CPFAO-50  5kph AEB(night)/439-VUT 20 kph; CPFAO-50 (1)/V9_T439_R3.txt,9-BZ7/7-C-IASI VRU 2024 (VUT)/19-CPFAO [O.6.1.8]/20-CPFAO-50  5kph AEB(night)/439-VUT 20 kph; CPFAO-50/V9_T439_R3.txt,bc9bd691182ac8ea569c2e7bccdf83c87589fe03ceb140d341b573f376b90339
9-BZ7/7-C-IASI VRU 2024 (VUT)/19-CPFAO [O.6.1.8]/20-CPFAO-50  5kph AEB(night)/448-VUT 40 kph; CPFAO-50 (1)/V9_T448_R1.txt,9-BZ7/7-C-IASI VRU 2024 (VUT)/19-CPFAO [O.6.1.8]/20-CPFAO-50  5kph AEB(night)/448-VUT 40 kph; CPFAO-50/V9_T448_R1.txt,33c552efab0fa93e277ca6e78985947b661f478726d48c369d10b36a6dd025de
9-BZ7/7-C-IASI VRU 2024 (VUT)/19-CPFAO [O.6.1.8]/20-CPFAO-50  5kph AEB(night)/448-VUT 40 kph; CPFAO-50 (1)/V9_T448_R3.txt,9-BZ7/7-C-IASI VRU 2024 (VUT)/19-CPFAO [O.6.1.8]/20-CPFAO-50  5kph AEB(night)/448-VUT 40 kph; CPFAO-50/V9_T448_R3.txt,ec7e9ecb4f26133b4a99b279c74830717386616705941f47a1ca9166fce947b2
9-BZ7/7-C-IASI VRU 2024 (VUT)/19-CPFAO [O.6.1.8]/20-CPFAO-50  5kph AEB(night)/448-VUT 40 kph; CPFAO-50 (1)/V9_T448_R5.txt,9-BZ7/7-C-IASI VRU 2024 (VUT)/19-CPFAO [O.6.1.8]/20-CPFAO-50  5kph AEB(night)/448-VUT 40 kph; CPFAO-50/V9_T448_R5.txt,f2f9fd72048e8614c3a24689f8e9a382de96bc6a91e361c4680d74b538e579d1
9-BZ7/7-C-IASI VRU 2024 (VUT)/19-CPFAO [O.6.1.8]/21-CPNA-25 5 kph AEB (Night)/442-VUT 20 kph; CPFAO-25 6.5 kph AEB (Night) (1)/V9_T442_R1.txt,9-BZ7/7-C-IASI VRU 2024 (VUT)/19-CPFAO [O.6.1.8]/21-CPNA-25 5 kph AEB (Night)/442-VUT 20 kph; CPFAO-25 6.5 kph AEB (Night)/V9_T442_R1.txt,9e5a518c16e89ebb6106081913dda1553346b557cdaefb6b15a01365913b5ff9
9-BZ7/7-C-IASI VRU 2024 (VUT)/19-CPFAO [O.6.1.8]/21-CPNA-25 5 kph AEB (Night)/442-VUT 20 kph; CPFAO-25 6.5 kph AEB (Night) (1)/V9_T442_R2.txt,9-BZ7/7-C-IASI VRU 2024 (VUT)/19-CPFAO [O.6.1.8]/21-CPNA-25 5 kph AEB (Night)/442-VUT 20 kph; CPFAO-25 6.5 kph AEB (Night)/V9_T442_R2.txt,eb80a29cda0ac946a401773e566265c6091d556967032b67beaa8fb75c4cbf62
9-BZ7/7-C-IASI VRU 2024 (VUT)/19-CPFAO [O.6.1.8]/21-CPNA-25 5 kph AEB (Night)/442-VUT 20 kph; CPFAO-25 6.5 kph AEB (Night) (1)/V9_T442_R3.txt,9-BZ7/7-C-IASI VRU 2024 (VUT)/19-CPFAO [O.6.1.8]/21-CPNA-25 5 kph AEB (Night)/442-VUT 20 kph; CPFAO-25 6.5 kph AEB (Night)/V9_T442_R3.txt,46377ef6860bf5c5ad622cc025da6a2d521fd30c4921e51613eba8f9979fd374
9-BZ7/7-C-IASI VRU 2024 (VUT)/19-CPFAO [O.6.1.8]/21-CPNA-25 5 kph AEB (Night)/451-VUT 40 kph; CPFAO-25 6.5 kph AEB (Night) (1)/V9_T451_R1.txt,9-BZ7/7-C-IASI VRU 2024 (VUT)/19-CPFAO [O.6.1.8]/21-CPNA-25 5 kph AEB (Night)/451-VUT 40 kph; CPFAO-25 6.5 kph AEB (Night)/V9_T451_R1.txt,4edb339faf7432e89c863f07d4ff5760eb59015bd9e83ee9965048aea38fdd99
9-BZ7/7-C-IASI VRU 2024 (VUT)/19-CPFAO [O.6.1.8]/21-CPNA-25 5 kph AEB (Night)/451-VUT 40 kph; CPFAO-25 6.5 kph AEB (Night) (1)/V9_T451_R2.txt,9-BZ7/7-C-IASI VRU 2024 (VUT)/19-CPFAO [O.6.1.8]/21-CPNA-25 5 kph AEB (Night)/451-VUT 40 kph; CPFAO-25 6.5 kph AEB (Night)/V9_T451_R2.txt,d4c80883a61f49f18ec8b9a8d87b9d0704356127131096a2d630ee9117576eae
9-BZ7/7-C-IASI VRU 2024 (VUT)/19-CPFAO [O.6.1.8]/21-CPNA-25 5 kph AEB (Night)/451-VUT 40 kph; CPFAO-25 6.5 kph AEB (Night) (1)/V9_T451_R3.txt,9-BZ7/7-C-IASI VRU 2024 (VUT)/19-CPFAO [O.6.1.8]/21-CPNA-25 5 kph AEB (Night)/451-VUT 40 kph; CPFAO-25 6.5 kph AEB (Night)/V9_T451_R3.txt,23b7c9fd6fae52e5cf9344f6365d1f1344d5de6f049dc90c16c23a7ef79c7e78
9-BZ7/7-C-IASI VRU 2024 (VUT)/19-CPFAO [O.6.1.8]/21-CPNA-25 5 kph AEB (Night)/460-VUT 60 kph; CPFAO-25 6.5 kph AEB (Night) (1)/V9_T460_R2.txt,9-BZ7/7-C-IASI VRU 2024 (VUT)/19-CPFAO [O.6.1.8]/21-CPNA-25 5 kph AEB (Night)/460-VUT 60 kph; CPFAO-25 6.5 kph AEB (Night)/V9_T460_R2.txt,8f569f4475a40ae48a0f977dbb134bfd2699a2f98ac34cff143faaca29f62d82
9-BZ7/7-C-IASI VRU 2024 (VUT)/19-CPFAO [O.6.1.8]/21-CPNA-25 5 kph AEB (Night)/460-VUT 60 kph; CPFAO-25 6.5 kph AEB (Night) (1)/V9_T460_R3.txt,9-BZ7/7-C-IASI VRU 2024 (VUT)/19-CPFAO [O.6.1.8]/21-CPNA-25 5 kph AEB (Night)/460-VUT 60 kph; CPFAO-25 6.5 kph AEB (Night)/V9_T460_R3.txt,73ef7c3d1350ad7a5584b97a1f4a6f5c5ac06637d60c1cd1c31611fe658216b3
9-BZ7/7-C-IASI VRU 2024 (VUT)/19-CPFAO [O.6.1.8]/21-CPNA-25 5 kph AEB (Night)/460-VUT 60 kph; CPFAO-25 6.5 kph AEB (Night) (1)/V9_T460_R4.txt,9-BZ7/7-C-IASI VRU 2024 (VUT)/19-CPFAO [O.6.1.8]/21-CPNA-25 5 kph AEB (Night)/460-VUT 60 kph; CPFAO-25 6.5 kph AEB (Night)/V9_T460_R4.txt,d13ac6bb531d460f15d2676ca97b1d947b5fa5a764e75f8551c62f931b0bb67f
9-BZ7/7-C-IASI VRU 2024 (VUT)/28-CBNA [O.6.2.5]/29-CBNA-50 15 kph AEB (Day)/499-VUT 20 kph; CBNA-50 15 kph AEB (Day) (1)/V9_T499_R1.txt,9-BZ7/7-C-IASI VRU 2024 (VUT)/28-CBNA [O.6.2.5]/29-CBNA-50 15 kph AEB (Day)/499-VUT 20 kph; CBNA-50 15 kph AEB (Day)/V9_T499_R1.txt,33428bea9de0e59102f56400394a98070ad8ce1befc58db7e82954c6158f46df
9-BZ7/7-C-IASI VRU 2024 (VUT)/28-CBNA [O.6.2.5]/29-CBNA-50 15 kph AEB (Day)/499-VUT 20 kph; CBNA-50 15 kph AEB (Day) (1)/V9_T499_R2.txt,9-BZ7/7-C-IASI VRU 2024 (VUT)/28-CBNA [O.6.2.5]/29-CBNA-50 15 kph AEB (Day)/499-VUT 20 kph; CBNA-50 15 kph AEB (Day)/V9_T499_R2.txt,51a868cfc7de0ab9fe06f5a6e147c6edc9a316f05552997b25990a8ac5bc7dd1
9-BZ7/7-C-IASI VRU 2024 (VUT)/28-CBNA [O.6.2.5]/29-CBNA-50 15 kph AEB (Day)/499-VUT 20 kph; CBNA-50 15 kph AEB (Day) (1)/V9_T499_R3.txt,9-BZ7/7-C-IASI VRU 2024 (VUT)/28-CBNA [O.6.2.5]/29-CBNA-50 15 kph AEB (Day)/499-VUT 20 kph; CBNA-50 15 kph AEB (Day)/V9_T499_R3.txt,a8dd46af3dedccfb2c7a5cae7fd7d555809b6a9fda377e0b00e30efa9fdb6869
9-BZ7/7-C-IASI VRU 2024 (VUT)/28-CBNA [O.6.2.5]/29-CBNA-50 15 kph AEB (Day)/505-VUT 40 kph; CBNA-50 15 kph AEB (Day) (1)/V9_T505_R1.txt,9-BZ7/7-C-IASI VRU 2024 (VUT)/28-CBNA [O.6.2.5]/29-CBNA-50 15 kph AEB (Day)/505-VUT 40 kph; CBNA-50 15 kph AEB (Day)/V9_T505_R1.txt,5bb6c3fd82e42789d631d73b35a1148b779bd8f1e0cc763ab0cf20591ca5d6bf
9-BZ7/7-C-IASI VRU 2024 (VUT)/28-CBNA [O.6.2.5]/29-CBNA-50 15 kph AEB (Day)/505-VUT 40 kph; CBNA-50 15 kph AEB (Day) (1)/V9_T505_R2.txt,9-BZ7/7-C-IASI VRU 2024 (VUT)/28-CBNA [O.6.2.5]/29-CBNA-50 15 kph AEB (Day)/505-VUT 40 kph; CBNA-50 15 kph AEB (Day)/V9_T505_R2.txt,835218d889f6c1b87ee3d8a4ac1c3cd7c9fb2fe9f0858d07c7fa5d87842714b2
9-BZ7/7-C-IASI VRU 2024 (VUT)/28-CBNA [O.6.2.5]/29-CBNA-50 15 kph AEB (Day)/505-VUT 40 kph; CBNA-50 15 kph AEB (Day) (1)/V9_T505_R3.txt,9-BZ7/7-C-IASI VRU 2024 (VUT)/28-CBNA [O.6.2.5]/29-CBNA-50 15 kph AEB (Day)/505-VUT 40 kph; CBNA-50 15 kph AEB (Day)/V9_T505_R3.txt,fc069ff58a594832cf44d41c18010cfb75ba7f692f6c7b2a29191eb7da18ab69
9-BZ7/7-C-IASI VRU 2024 (VUT)/28-CBNA [O.6.2.5]/29-CBNA-50 15 kph AEB (Day)/511-VUT 60 kph; CBNA-50 15 kph AEB (Day) (1)/V9_T511_R1.txt,9-BZ7/7-C-IASI VRU 2024 (VUT)/28-CBNA [O.6.2.5]/29-CBNA-50 15 kph AEB (Day)/511-VUT 60 kph; CBNA-50 15 kph AEB (Day)/V9_T511_R1.txt,859c5415295b3ce3bb0adcaad13047d4a4e876c0b4944ad734ce9fd479510d6a
9-BZ7/7-C-IASI VRU 2024 (VUT)/28-CBNA [O.6.2.5]/29-CBNA-50 15 kph AEB (Day)/511-VUT 60 kph; CBNA-50 15 kph AEB (Day) (1)/V9_T511_R2.txt,9-BZ7/7-C-IASI VRU 2024 (VUT)/28-CBNA [O.6.2.5]/29-CBNA-50 15 kph AEB (Day)/511-VUT 60 kph; CBNA-50 15 kph AEB (Day)/V9_T511_R2.txt,f7033fddf2f67289a6425b661dc517081b104bacd90c70d5ec7056c85900b906
9-BZ7/7-C-IASI VRU 2024 (VUT)/28-CBNA [O.6.2.5]/29-CBNA-50 15 kph AEB (Day)/511-VUT 60 kph; CBNA-50 15 kph AEB (Day) (1)/V9_T511_R3.txt,9-BZ7/7-C-IASI VRU 2024 (VUT)/28-CBNA [O.6.2.5]/29-CBNA-50 15 kph AEB (Day)/511-VUT 60 kph; CBNA-50 15 kph AEB (Day)/V9_T511_R3.txt,a05dfb2e2161be9f45354333c6e3c9cb205590d3af1cc77f923af02b09f2876f
9-BZ7/7-C-IASI VRU 2024 (VUT)/30-CSFA [O.6.2.6]/31-CSFA-50 20 kph AEB (Day)/502-VUT 20 kph; CSFA-50 20 kph AEB (Day) (1)/V9_T502_R1.txt,9-BZ7/7-C-IASI VRU 2024 (VUT)/30-CSFA [O.6.2.6]/31-CSFA-50 20 kph AEB (Day)/502-VUT 20 kph; CSFA-50 20 kph AEB (Day)/V9_T502_R1.txt,96622e2aef292a8d0d34eddc4ec829fa84d00a87f41d576b672f4fdcbe521a18
9-BZ7/7-C-IASI VRU 2024 (VUT)/30-CSFA [O.6.2.6]/31-CSFA-50 20 kph AEB (Day)/502-VUT 20 kph; CSFA-50 20 kph AEB (Day) (1)/V9_T502_R3.txt,9-BZ7/7-C-IASI VRU 2024 (VUT)/30-CSFA [O.6.2.6]/31-CSFA-50 20 kph AEB (Day)/502-VUT 20 kph; CSFA-50 20 kph AEB (Day)/V9_T502_R3.txt,78391f05336eaa6a792505f119272143ca27412112e1da26e3f219d4d424692a
9-BZ7/7-C-IASI VRU 2024 (VUT)/30-CSFA [O.6.2.6]/31-CSFA-50 20 kph AEB (Day)/508-VUT 40 kph; CSFA-50 20 kph AEB (Day) (1)/V9_T508_R1.txt,9-BZ7/7-C-IASI VRU 2024 (VUT)/30-CSFA [O.6.2.6]/31-CSFA-50 20 kph AEB (Day)/508-VUT 40 kph; CSFA-50 20 kph AEB (Day)/V9_T508_R1.txt,6ca33a740534715e0ba5468ad1fbc292bfe454d06eec10251666f290e8c67477
9-BZ7/7-C-IASI VRU 2024 (VUT)/30-CSFA [O.6.2.6]/31-CSFA-50 20 kph AEB (Day)/508-VUT 40 kph; CSFA-50 20 kph AEB (Day) (1)/V9_T508_R2.txt,9-BZ7/7-C-IASI VRU 2024 (VUT)/30-CSFA [O.6.2.6]/31-CSFA-50 20 kph AEB (Day)/508-VUT 40 kph; CSFA-50 20 kph AEB (Day)/V9_T508_R2.txt,0004ceacc4a0753128f7881a32d9d300bda50e23e6586a65876494febfece68f
9-BZ7/7-C-IASI VRU 2024 (VUT)/30-CSFA [O.6.2.6]/31-CSFA-50 20 kph AEB (Day)/508-VUT 40 kph; CSFA-50 20 kph AEB (Day) (1)/V9_T508_R3.txt,9-BZ7/7-C-IASI VRU 2024 (VUT)/30-CSFA [O.6.2.6]/31-CSFA-50 20 kph AEB (Day)/508-VUT 40 kph; CSFA-50 20 kph AEB (Day)/V9_T508_R3.txt,1b0f02aab3ce52ce8afcaf38a8304e1d7d76db004f651193539f7771a7805768
9-BZ7/7-C-IASI VRU 2024 (VUT)/30-CSFA [O.6.2.6]/31-CSFA-50 20 kph AEB (Day)/514-VUT 60 kph; CSFA-50 20 kph AEB (Day) (1)/V9_T514_R2.txt,9-BZ7/7-C-IASI VRU 2024 (VUT)/30-CSFA [O.6.2.6]/31-CSFA-50 20 kph AEB (Day)/514-VUT 60 kph; CSFA-50 20 kph AEB (Day)/V9_T514_R2.txt,a8930339c042db541111f7e1a5e8d7b07faf48d0b34abc4e9292b5c05688cdce
9-BZ7/7-C-IASI VRU 2024 (VUT)/30-CSFA [O.6.2.6]/31-CSFA-50 20 kph AEB (Day)/514-VUT 60 kph; CSFA-50 20 kph AEB (Day) (1)/V9_T514_R3.txt,9-BZ7/7-C-IASI VRU 2024 (VUT)/30-CSFA [O.6.2.6]/31-CSFA-50 20 kph AEB (Day)/514-VUT 60 kph; CSFA-50 20 kph AEB (Day)/V9_T514_R3.txt,85e7a5c1ce08afeafc72ea2773e520364e0a5f9bf4f537ae60c96b48836729d9
9-BZ7/7-C-IASI VRU 2024 (VUT)/30-CSFA [O.6.2.6]/31-CSFA-50 20 kph AEB (Day)/514-VUT 60 kph; CSFA-50 20 kph AEB (Day) (1)/V9_T514_R4.txt,9-BZ7/7-C-IASI VRU 2024 (VUT)/30-CSFA [O.6.2.6]/31-CSFA-50 20 kph AEB (Day)/514-VUT 60 kph; CSFA-50 20 kph AEB (Day)/V9_T514_R4.txt,3f98667b74a668ccc049bbc102b1a76483faa2f0da7dd4ee67c44713ba2fb9ad
9-BZ7/7-C-IASI VRU 2024 (VUT)/32-CBLA [O.6.2.7]/33-CBLA-50 45 kph& 65 Kph AEB (Day)/487-VUT 45 kph; CBLA-50 15 kph AEB (Day) (1)/V9_T487_R1.txt,9-BZ7/7-C-IASI VRU 2024 (VUT)/32-CBLA [O.6.2.7]/33-CBLA-50 45 kph& 65 Kph AEB (Day)/487-VUT 45 kph; CBLA-50 15 kph AEB (Day)/V9_T487_R1.txt,c7d27922084af66e0304ce033338933db1d5d65fa7b9ca6c3df27cebbafc4f2e
9-BZ7/7-C-IASI VRU 2024 (VUT)/32-CBLA [O.6.2.7]/33-CBLA-50 45 kph& 65 Kph AEB (Day)/487-VUT 45 kph; CBLA-50 15 kph AEB (Day) (1)/V9_T487_R2.txt,9-BZ7/7-C-IASI VRU 2024 (VUT)/32-CBLA [O.6.2.7]/33-CBLA-50 45 kph& 65 Kph AEB (Day)/487-VUT 45 kph; CBLA-50 15 kph AEB (Day)/V9_T487_R2.txt,ecfb971664e125ec6af853ff4abec504550db6d2168fdfa53f399ff62e866cf2
9-BZ7/7-C-IASI VRU 2024 (VUT)/32-CBLA [O.6.2.7]/33-CBLA-50 45 kph& 65 Kph AEB (Day)/487-VUT 45 kph; CBLA-50 15 kph AEB (Day) (1)/V9_T487_R3.txt,9-BZ7/7-C-IASI VRU 2024 (VUT)/32-CBLA [O.6.2.7]/33-CBLA-50 45 kph& 65 Kph AEB (Day)/487-VUT 45 kph; CBLA-50 15 kph AEB (Day)/V9_T487_R3.txt,19b17556ca2592ee15c2f50fdfbe00e41192df4dc85a2e5d0c31c046fa8cd0e0
9-BZ7/7-C-IASI VRU 2024 (VUT)/32-CBLA [O.6.2.7]/33-CBLA-50 45 kph& 65 Kph AEB (Day)/490-VUT 65 kph; CBLA-50 15 kph AEB (Day) (1)/V9_T490_R1.txt,9-BZ7/7-C-IASI VRU 2024 (VUT)/32-CBLA [O.6.2.7]/33-CBLA-50 45 kph& 65 Kph AEB (Day)/490-VUT 65 kph; CBLA-50 15 kph AEB (Day)/V9_T490_R1.txt,6d1919a3db9bf1a5ebb87b6b005cf28145d3264fbe021b0b2a950bfc14261063
9-BZ7/7-C-IASI VRU 2024 (VUT)/32-CBLA [O.6.2.7]/33-CBLA-50 45 kph& 65 Kph AEB (Day)/490-VUT 65 kph; CBLA-50 15 kph AEB (Day) (1)/V9_T490_R2.txt,9-BZ7/7-C-IASI VRU 2024 (VUT)/32-CBLA [O.6.2.7]/33-CBLA-50 45 kph& 65 Kph AEB (Day)/490-VUT 65 kph; CBLA-50 15 kph AEB (Day)/V9_T490_R2.txt,c654db0099c2c43157072aa1a4dd064c337a982136b56b818f792d0ccc90d8ec
9-BZ7/7-C-IASI VRU 2024 (VUT)/32-CBLA [O.6.2.7]/33-CBLA-50 45 kph& 65 Kph AEB (Day)/490-VUT 65 kph; CBLA-50 15 kph AEB (Day) (1)/V9_T490_R3.txt,9-BZ7/7-C-IASI VRU 2024 (VUT)/32-CBLA [O.6.2.7]/33-CBLA-50 45 kph& 65 Kph AEB (Day)/490-VUT 65 kph; CBLA-50 15 kph AEB (Day)/V9_T490_R3.txt,41e8b38e117e25070d675ea9888f9274338d0e0d846d29a836c11075788e4388
9-BZ7/8-C-NCAP VRU 2024 (VUT)/12-CPLA [O.6.1.6]/13-CPLA-25 5 kph AEB (Day)/574-VUT 20 kph; CPLA-25 5 kph AEB (Day) (1)/V9_T574_R1.txt,9-BZ7/8-C-NCAP VRU 2024 (VUT)/12-CPLA [O.6.1.6]/13-CPLA-25 5 kph AEB (Day)/574-VUT 20 kph; CPLA-25 5 kph AEB (Day)/V9_T574_R1.txt,2cec60104ba2c44cc7b1e0fdd984915143b4c8264fbf6eed983467510790f0a5
9-BZ7/8-C-NCAP VRU 2024 (VUT)/12-CPLA [O.6.1.6]/13-CPLA-25 5 kph AEB (Day)/574-VUT 20 kph; CPLA-25 5 kph AEB (Day) (1)/V9_T574_R2.txt,9-BZ7/8-C-NCAP VRU 2024 (VUT)/12-CPLA [O.6.1.6]/13-CPLA-25 5 kph AEB (Day)/574-VUT 20 kph; CPLA-25 5 kph AEB (Day)/V9_T574_R2.txt,091c5852eeb3fa7de2f314701767143cfbfd00970149feee4210880a88c721eb
9-BZ7/8-C-NCAP VRU 2024 (VUT)/12-CPLA [O.6.1.6]/13-CPLA-25 5 kph AEB (Day)/574-VUT 20 kph; CPLA-25 5 kph AEB (Day) (1)/V9_T574_R3.txt,9-BZ7/8-C-NCAP VRU 2024 (VUT)/12-CPLA [O.6.1.6]/13-CPLA-25 5 kph AEB (Day)/574-VUT 20 kph; CPLA-25 5 kph AEB (Day)/V9_T574_R3.txt,db15a189a03abaa32459dcdfe404b8cfb32765c0040489645c8c419a1e5c6e5d
9-BZ7/8-C-NCAP VRU 2024 (VUT)/12-CPLA [O.6.1.6]/13-CPLA-25 5 kph AEB (Day)/580-VUT 40 kph; CPLA-25 5 kph AEB (Day) (1)/V9_T580_R1.txt,9-BZ7/8-C-NCAP VRU 2024 (VUT)/12-CPLA [O.6.1.6]/13-CPLA-25 5 kph AEB (Day)/580-VUT 40 kph; CPLA-25 5 kph AEB (Day)/V9_T580_R1.txt,4e41dfa0810d8ef775d4a0e8d1eed63cc09632c2f38513f0d5152629244128cb
9-BZ7/8-C-NCAP VRU 2024 (VUT)/12-CPLA [O.6.1.6]/13-CPLA-25 5 kph AEB (Day)/580-VUT 40 kph; CPLA-25 5 kph AEB (Day) (1)/V9_T580_R2.txt,9-BZ7/8-C-NCAP VRU 2024 (VUT)/12-CPLA [O.6.1.6]/13-CPLA-25 5 kph AEB (Day)/580-VUT 40 kph; CPLA-25 5 kph AEB (Day)/V9_T580_R2.txt,6ca0198187a7d720b6b700999631c49e7fc2e6974ecc28bc42fd34b24aacca71
9-BZ7/8-C-NCAP VRU 2024 (VUT)/12-CPLA [O.6.1.6]/13-CPLA-25 5 kph AEB (Day)/580-VUT 40 kph; CPLA-25 5 kph AEB (Day) (1)/V9_T580_R3.txt,9-BZ7/8-C-NCAP VRU 2024 (VUT)/12-CPLA [O.6.1.6]/13-CPLA-25 5 kph AEB (Day)/580-VUT 40 kph; CPLA-25 5 kph AEB (Day)/V9_T580_R3.txt,3ef8211115cc3b77e6d3c7d664ba80eb52a05a87a992bd72cef724f65e69a732
9-BZ7/8-C-NCAP VRU 2024 (VUT)/12-CPLA [O.6.1.6]/15-CPLA-25 5 kph AEB (Night)/577-VUT 20 kph; CPLA-25 5 kph AEB (Night) (1)/V9_T577_R1.txt,9-BZ7/8-C-NCAP VRU 2024 (VUT)/12-CPLA [O.6.1.6]/15-CPLA-25 5 kph AEB (Night)/577-VUT 20 kph; CPLA-25 5 kph AEB (Night)/V9_T577_R1.txt,9510eccc592fda03f0b2dedbb225607eabe7de36a94f40740bab4102821c42db
9-BZ7/8-C-NCAP VRU 2024 (VUT)/12-CPLA [O.6.1.6]/15-CPLA-25 5 kph AEB (Night)/577-VUT 20 kph; CPLA-25 5 kph AEB (Night) (1)/V9_T577_R2.txt,9-BZ7/8-C-NCAP VRU 2024 (VUT)/12-CPLA [O.6.1.6]/15-CPLA-25 5 kph AEB (Night)/577-VUT 20 kph; CPLA-25 5 kph AEB (Night)/V9_T577_R2.txt,7310d46cc19cf7c6b62424cf32906b77039b91d0dac353128d3e73eedb672b1e
9-BZ7/8-C-NCAP VRU 2024 (VUT)/12-CPLA [O.6.1.6]/15-CPLA-25 5 kph AEB (Night)/577-VUT 20 kph; CPLA-25 5 kph AEB (Night) (1)/V9_T577_R3.txt,9-BZ7/8-C-NCAP VRU 2024 (VUT)/12-CPLA [O.6.1.6]/15-CPLA-25 5 kph AEB (Night)/577-VUT 20 kph; CPLA-25 5 kph AEB (Night)/V9_T577_R3.txt,a7be7d0d7eeb9e2a2c64e5b24249847c39ba1d91afa981f9aaf8fe2782e53784
9-BZ7/8-C-NCAP VRU 2024 (VUT)/12-CPLA [O.6.1.6]/15-CPLA-25 5 kph AEB (Night)/583-VUT 40 kph; CPLA-25 5 kph AEB (Night) (1)/V9_T583_R1.txt,9-BZ7/8-C-NCAP VRU 2024 (VUT)/12-CPLA [O.6.1.6]/15-CPLA-25 5 kph AEB (Night)/583-VUT 40 kph; CPLA-25 5 kph AEB (Night)/V9_T583_R1.txt,3925bef821369d14d97e8ce45302cc05c229d56928ffdd7f67b18ad0f252d9a9
9-BZ7/8-C-NCAP VRU 2024 (VUT)/12-CPLA [O.6.1.6]/15-CPLA-25 5 kph AEB (Night)/583-VUT 40 kph; CPLA-25 5 kph AEB (Night) (1)/V9_T583_R2.txt,9-BZ7/8-C-NCAP VRU 2024 (VUT)/12-CPLA [O.6.1.6]/15-CPLA-25 5 kph AEB (Night)/583-VUT 40 kph; CPLA-25 5 kph AEB (Night)/V9_T583_R2.txt,02ee8d83ade14058fef2db2182b10dec66e43edc383fd45658df0b9ae409b110
9-BZ7/8-C-NCAP VRU 2024 (VUT)/12-CPLA [O.6.1.6]/15-CPLA-25 5 kph AEB (Night)/583-VUT 40 kph; CPLA-25 5 kph AEB (Night) (1)/V9_T583_R3.txt,9-BZ7/8-C-NCAP VRU 2024 (VUT)/12-CPLA [O.6.1.6]/15-CPLA-25 5 kph AEB (Night)/583-VUT 40 kph; CPLA-25 5 kph AEB (Night)/V9_T583_R3.txt,422b5f041fc76d2dc5363451a75f3996d98f39fe16b6a4a0a910ba11f9a5cee8
9-BZ7/8-C-NCAP VRU 2024 (VUT)/17-CPNCO [O.6.1.7]/18-CPNCO-25 5 kph AEB (Day)/598-VUT 20 kph; CPNCO-25 5 kph AEB (Day) (1)/V9_T598_R2.txt,9-BZ7/8-C-NCAP VRU 2024 (VUT)/17-CPNCO [O.6.1.7]/18-CPNCO-25 5 kph AEB (Day)/598-VUT 20 kph; CPNCO-25 5 kph AEB (Day)/V9_T598_R2.txt,0174efede1449b91c04ea6684bcd931bf4d41d121d0189ee265c98e164f81fe5
9-BZ7/8-C-NCAP VRU 2024 (VUT)/17-CPNCO [O.6.1.7]/18-CPNCO-25 5 kph AEB (Day)/598-VUT 20 kph; CPNCO-25 5 kph AEB (Day) (1)/V9_T598_R3.txt,9-BZ7/8-C-NCAP VRU 2024 (VUT)/17-CPNCO [O.6.1.7]/18-CPNCO-25 5 kph AEB (Day)/598-VUT 20 kph; CPNCO-25 5 kph AEB (Day)/V9_T598_R3.txt,781b5b2191b166a28b5233ddaa9985f35ad418d8a5f0bae22b38a2df6537f10e
9-BZ7/8-C-NCAP VRU 2024 (VUT)/17-CPNCO [O.6.1.7]/18-CPNCO-25 5 kph AEB (Day)/607-VUT 40 kph; CPNCO-25 5 kph AEB (Day) (1)/V9_T607_R1.txt,9-BZ7/8-C-NCAP VRU 2024 (VUT)/17-CPNCO [O.6.1.7]/18-CPNCO-25 5 kph AEB (Day)/607-VUT 40 kph; CPNCO-25 5 kph AEB (Day)/V9_T607_R1.txt,07dd65e7d84da810524c6c548d813d55c1f9a34a203a1340802b65da7a2531c0
9-BZ7/8-C-NCAP VRU 2024 (VUT)/17-CPNCO [O.6.1.7]/18-CPNCO-25 5 kph AEB (Day)/607-VUT 40 kph; CPNCO-25 5 kph AEB (Day) (1)/V9_T607_R2.txt,9-BZ7/8-C-NCAP VRU 2024 (VUT)/17-CPNCO [O.6.1.7]/18-CPNCO-25 5 kph AEB (Day)/607-VUT 40 kph; CPNCO-25 5 kph AEB (Day)/V9_T607_R2.txt,7b003a655ba9a4386f48eeab6fb22b821c8e7eea63e915f53073896dc5b41693
9-BZ7/8-C-NCAP VRU 2024 (VUT)/17-CPNCO [O.6.1.7]/18-CPNCO-25 5 kph AEB (Day)/607-VUT 40 kph; CPNCO-25 5 kph AEB (Day) (1)/V9_T607_R3.txt,9-BZ7/8-C-NCAP VRU 2024 (VUT)/17-CPNCO [O.6.1.7]/18-CPNCO-25 5 kph AEB (Day)/607-VUT 40 kph; CPNCO-25 5 kph AEB (Day)/V9_T607_R3.txt,c73c0fe166d39de4cfbd4e3a409c893aa71a17867932d8bda06e575f1fc4e0a1
9-BZ7/8-C-NCAP VRU 2024 (VUT)/19-CPFAO [O.6.1.8]/20-CPFAO-25 6.5 kph AEB (Day)/601-VUT 20 kph; CPFAO-25 6.5 kph AEB (Day) (1)/V9_T601_R1.txt,9-BZ7/8-C-NCAP VRU 2024 (VUT)/19-CPFAO [O.6.1.8]/20-CPFAO-25 6.5 kph AEB (Day)/601-VUT 20 kph; CPFAO-25 6.5 kph AEB (Day)/V9_T601_R1.txt,5834cfc0598853800b197b4dbdb4cbdee6d9b16967230cc7da2c15cacc30b13d
9-BZ7/8-C-NCAP VRU 2024 (VUT)/19-CPFAO [O.6.1.8]/20-CPFAO-25 6.5 kph AEB (Day)/601-VUT 20 kph; CPFAO-25 6.5 kph AEB (Day) (1)/V9_T601_R2.txt,9-BZ7/8-C-NCAP VRU 2024 (VUT)/19-CPFAO [O.6.1.8]/20-CPFAO-25 6.5 kph AEB (Day)/601-VUT 20 kph; CPFAO-25 6.5 kph AEB (Day)/V9_T601_R2.txt,608a3b2c5dea5ceef9322328241917bfcc6fe0d01ed306f61c1dea7ccb2ad6c6
9-BZ7/8-C-NCAP VRU 2024 (VUT)/19-CPFAO [O.6.1.8]/20-CPFAO-25 6.5 kph AEB (Day)/601-VUT 20 kph; CPFAO-25 6.5 kph AEB (Day) (1)/V9_T601_R3.txt,9-BZ7/8-C-NCAP VRU 2024 (VUT)/19-CPFAO [O.6.1.8]/20-CPFAO-25 6.5 kph AEB (Day)/601-VUT 20 kph; CPFAO-25 6.5 kph AEB (Day)/V9_T601_R3.txt,033275bee3124f8bbc67325871a32567345901148379632905db3accf9a5c748
9-BZ7/8-C-NCAP VRU 2024 (VUT)/19-CPFAO [O.6.1.8]/20-CPFAO-25 6.5 kph AEB (Day)/610-VUT 40 kph; CPFAO-25 6.5 kph AEB (Day) (1)/V9_T610_R1.txt,9-BZ7/8-C-NCAP VRU 2024 (VUT)/19-CPFAO [O.6.1.8]/20-CPFAO-25 6.5 kph AEB (Day)/610-VUT 40 kph; CPFAO-25 6.5 kph AEB (Day)/V9_T610_R1.txt,b915d00e1c0306449e17aa5a5776b3b5cebe6c3b95f740bb6912f6d1f70e5ea4
9-BZ7/8-C-NCAP VRU 2024 (VUT)/19-CPFAO [O.6.1.8]/20-CPFAO-25 6.5 kph AEB (Day)/610-VUT 40 kph; CPFAO-25 6.5 kph AEB (Day) (1)/V9_T610_R3.txt,9-BZ7/8-C-NCAP VRU 2024 (VUT)/19-CPFAO [O.6.1.8]/20-CPFAO-25 6.5 kph AEB (Day)/610-VUT 40 kph; CPFAO-25 6.5 kph AEB (Day)/V9_T610_R3.txt,cced62a00d70b81a3abb7077e81bdedc22350d460d045805483a6a63aebe485d
9-BZ7/8-C-NCAP VRU 2024 (VUT)/19-CPFAO [O.6.1.8]/20-CPFAO-25 6.5 kph AEB (Day)/610-VUT 40 kph; CPFAO-25 6.5 kph AEB (Day) (1)/V9_T610_R4.txt,9-BZ7/8-C-NCAP VRU 2024 (VUT)/19-CPFAO [O.6.1.8]/20-CPFAO-25 6.5 kph AEB (Day)/610-VUT 40 kph; CPFAO-25 6.5 kph AEB (Day)/V9_T610_R4.txt,c06ef9f2f8a98e0e8184361d3b46020e65c118d30a3d71612e745ed3f2faf670
9-BZ7/8-C-NCAP VRU 2024 (VUT)/19-CPFAO [O.6.1.8]/20-CPFAO-25 6.5 kph AEB (Day)/619-VUT 60 kph; CPFAO-25 6.5 kph AEB (Day) (1)/V9_T619_R1.txt,9-BZ7/8-C-NCAP VRU 2024 (VUT)/19-CPFAO [O.6.1.8]/20-CPFAO-25 6.5 kph AEB (Day)/619-VUT 60 kph; CPFAO-25 6.5 kph AEB (Day)/V9_T619_R1.txt,d4981370d3057f1f3b4ce13a197a0858d6fe3f64898c00e8f50c0b80bc19d5c6
9-BZ7/8-C-NCAP VRU 2024 (VUT)/19-CPFAO [O.6.1.8]/20-CPFAO-25 6.5 kph AEB (Day)/619-VUT 60 kph; CPFAO-25 6.5 kph AEB (Day) (1)/V9_T619_R2.txt,9-BZ7/8-C-NCAP VRU 2024 (VUT)/19-CPFAO [O.6.1.8]/20-CPFAO-25 6.5 kph AEB (Day)/619-VUT 60 kph; CPFAO-25 6.5 kph AEB (Day)/V9_T619_R2.txt,0dbc2f4632107e904b6ac8b24c63ac8088e44bc239ec066bba478ee1f8eae3a6
9-BZ7/8-C-NCAP VRU 2024 (VUT)/19-CPFAO [O.6.1.8]/20-CPFAO-25 6.5 kph AEB (Day)/619-VUT 60 kph; CPFAO-25 6.5 kph AEB (Day) (1)/V9_T619_R3.txt,9-BZ7/8-C-NCAP VRU 2024 (VUT)/19-CPFAO [O.6.1.8]/20-CPFAO-25 6.5 kph AEB (Day)/619-VUT 60 kph; CPFAO-25 6.5 kph AEB (Day)/V9_T619_R3.txt,6a989502963bdd27e9a5e0ba1700a18d9d333684701c1cd5f9c3a139f454ca2d
9-BZ7/8-C-NCAP VRU 2024 (VUT)/19-CPFAO [O.6.1.8]/21-CPFAO-25 6.5 kph AEB (Night)/604-VUT 20 kph; CPFAO-25 6.5 kph AEB (Night) (1)/V9_T604_R1.txt,9-BZ7/8-C-NCAP VRU 2024 (VUT)/19-CPFAO [O.6.1.8]/21-CPFAO-25 6.5 kph AEB (Night)/604-VUT 20 kph; CPFAO-25 6.5 kph AEB (Night)/V9_T604_R1.txt,64fd2b968ff3f44dc3caeffe960652265e0796a56128728e68a4609e294b0491
9-BZ7/8-C-NCAP VRU 2024 (VUT)/19-CPFAO [O.6.1.8]/21-CPFAO-25 6.5 kph AEB (Night)/604-VUT 20 kph; CPFAO-25 6.5 kph AEB (Night) (1)/V9_T604_R2.txt,9-BZ7/8-C-NCAP VRU 2024 (VUT)/19-CPFAO [O.6.1.8]/21-CPFAO-25 6.5 kph AEB (Night)/604-VUT 20 kph; CPFAO-25 6.5 kph AEB (Night)/V9_T604_R2.txt,f7ac68832926a9a419fe2577d7b2483e13f19ff7c814558da46e2d84f46a7430
9-BZ7/8-C-NCAP VRU 2024 (VUT)/19-CPFAO [O.6.1.8]/21-CPFAO-25 6.5 kph AEB (Night)/604-VUT 20 kph; CPFAO-25 6.5 kph AEB (Night) (1)/V9_T604_R3.txt,9-BZ7/8-C-NCAP VRU 2024 (VUT)/19-CPFAO [O.6.1.8]/21-CPFAO-25 6.5 kph AEB (Night)/604-VUT 20 kph; CPFAO-25 6.5 kph AEB (Night)/V9_T604_R3.txt,21e73d2777962c8d1f34bee06d2ab5ada20932265a5df1e456a4e44e553d0266
9-BZ7/8-C-NCAP VRU 2024 (VUT)/19-CPFAO [O.6.1.8]/21-CPFAO-25 6.5 kph AEB (Night)/613-VUT 40 kph; CPFAO-25 6.5 kph AEB (Night) (1)/V9_T613_R1.txt,9-BZ7/8-C-NCAP VRU 2024 (VUT)/19-CPFAO [O.6.1.8]/21-CPFAO-25 6.5 kph AEB (Night)/613-VUT 40 kph; CPFAO-25 6.5 kph AEB (Night)/V9_T613_R1.txt,bba8a980e374a86c1e315d9fa6e612d333a46058831a5312fe6a3a0ae823ae92
9-BZ7/8-C-NCAP VRU 2024 (VUT)/19-CPFAO [O.6.1.8]/21-CPFAO-25 6.5 kph AEB (Night)/613-VUT 40 kph; CPFAO-25 6.5 kph AEB (Night) (1)/V9_T613_R2.txt,9-BZ7/8-C-NCAP VRU 2024 (VUT)/19-CPFAO [O.6.1.8]/21-CPFAO-25 6.5 kph AEB (Night)/613-VUT 40 kph; CPFAO-25 6.5 kph AEB (Night)/V9_T613_R2.txt,6f83713653c48626d8f794b8c3c6525b05dd6d9959b47084ed2dd8974fd8b654
9-BZ7/8-C-NCAP VRU 2024 (VUT)/19-CPFAO [O.6.1.8]/21-CPFAO-25 6.5 kph AEB (Night)/613-VUT 40 kph; CPFAO-25 6.5 kph AEB (Night) (1)/V9_T613_R4.txt,9-BZ7/8-C-NCAP VRU 2024 (VUT)/19-CPFAO [O.6.1.8]/21-CPFAO-25 6.5 kph AEB (Night)/613-VUT 40 kph; CPFAO-25 6.5 kph AEB (Night)/V9_T613_R4.txt,8cced38b4b82520272c27bce2fcd73ea6a16bb53577688784138ef41876445d3
9-BZ7/8-C-NCAP VRU 2024 (VUT)/19-CPFAO [O.6.1.8]/21-CPFAO-25 6.5 kph AEB (Night)/622-VUT 60 kph; CPFAO-25 6.5 kph AEB (Night) (1)/V9_T622_R1.txt,9-BZ7/8-C-NCAP VRU 2024 (VUT)/19-CPFAO [O.6.1.8]/21-CPFAO-25 6.5 kph AEB (Night)/622-VUT 60 kph; CPFAO-25 6.5 kph AEB (Night)/V9_T622_R1.txt,6921d83be936eb55e8fbc11452d08a53e8de870086e266b3fb35995d7aee36e4
9-BZ7/8-C-NCAP VRU 2024 (VUT)/19-CPFAO [O.6.1.8]/21-CPFAO-25 6.5 kph AEB (Night)/622-VUT 60 kph; CPFAO-25 6.5 kph AEB (Night) (1)/V9_T622_R2.txt,9-BZ7/8-C-NCAP VRU 2024 (VUT)/19-CPFAO [O.6.1.8]/21-CPFAO-25 6.5 kph AEB (Night)/622-VUT 60 kph; CPFAO-25 6.5 kph AEB (Night)/V9_T622_R2.txt,0f2c418f95accf48da756811c35b4f52509d8c6586c8e852ff3aebb714838f1b
9-BZ7/8-C-NCAP VRU 2024 (VUT)/19-CPFAO [O.6.1.8]/21-CPFAO-25 6.5 kph AEB (Night)/622-VUT 60 kph; CPFAO-25 6.5 kph AEB (Night) (1)/V9_T622_R3.txt,9-BZ7/8-C-NCAP VRU 2024 (VUT)/19-CPFAO [O.6.1.8]/21-CPFAO-25 6.5 kph AEB (Night)/622-VUT 60 kph; CPFAO-25 6.5 kph AEB (Night)/V9_T622_R3.txt,f0cd3a4e616887854d4bb9977fbdc07d6be0bcc4176466ed98067a4f29540de0
9-BZ7/8-C-NCAP VRU 2024 (VUT)/22-CPTA-LN [O.6.1.9]/23-CPTA-LN 5 kph AEB (Day)/628-VUT 20 kph; CPTA-LN 5 kph AEB (Day) (1)/V9_T628_R3.txt,9-BZ7/8-C-NCAP VRU 2024 (VUT)/22-CPTA-LN [O.6.1.9]/23-CPTA-LN 5 kph AEB (Day)/628-VUT 20 kph; CPTA-LN 5 kph AEB (Day)/V9_T628_R3.txt,09463fd65ef188e53509d0232cf31c24ec7783d81fab399eac2870b905e9ff1d
9-BZ7/8-C-NCAP VRU 2024 (VUT)/22-CPTA-LN [O.6.1.9]/23-CPTA-LN 5 kph AEB (Day)/628-VUT 20 kph; CPTA-LN 5 kph AEB (Day) (1)/V9_T628_R4.txt,9-BZ7/8-C-NCAP VRU 2024 (VUT)/22-CPTA-LN [O.6.1.9]/23-CPTA-LN 5 kph AEB (Day)/628-VUT 20 kph; CPTA-LN 5 kph AEB (Day)/V9_T628_R4.txt,6805a8b76fba1affddb668be4a45bae271054627bbad2a0046c445196de98549
9-BZ7/8-C-NCAP VRU 2024 (VUT)/22-CPTA-LN [O.6.1.9]/23-CPTA-LN 5 kph AEB (Day)/628-VUT 20 kph; CPTA-LN 5 kph AEB (Day) (1)/V9_T628_R5.txt,9-BZ7/8-C-NCAP VRU 2024 (VUT)/22-CPTA-LN [O.6.1.9]/23-CPTA-LN 5 kph AEB (Day)/628-VUT 20 kph; CPTA-LN 5 kph AEB (Day)/V9_T628_R5.txt,9a7921b6f95b47e52e58ccb602042acad8ac9c4ff89269fd5a949bb42daadd4a
9-BZ7/8-C-NCAP VRU 2024 (VUT)/22-CPTA-LN [O.6.1.9]/23-CPTA-LN 5 kph AEB (Day)/631-VUT 30 kph; CPTA-LN 5 kph AEB (Day) (1)/V9_T631_R5.txt,9-BZ7/8-C-NCAP VRU 2024 (VUT)/22-CPTA-LN [O.6.1.9]/23-CPTA-LN 5 kph AEB (Day)/631-VUT 30 kph; CPTA-LN 5 kph AEB (Day)/V9_T631_R5.txt,6591177f971666ae2ed16d11a291b54a125921f2a15804cee6bd3425210ec144
9-BZ7/8-C-NCAP VRU 2024 (VUT)/22-CPTA-LN [O.6.1.9]/23-CPTA-LN 5 kph AEB (Day)/631-VUT 30 kph; CPTA-LN 5 kph AEB (Day) (1)/V9_T631_R6.txt,9-BZ7/8-C-NCAP VRU 2024 (VUT)/22-CPTA-LN [O.6.1.9]/23-CPTA-LN 5 kph AEB (Day)/631-VUT 30 kph; CPTA-LN 5 kph AEB (Day)/V9_T631_R6.txt,7cd470800cb3dc81944cc89f6ed96013e1a90ed74966eb2197393894c4ea07f9
9-BZ7/8-C-NCAP VRU 2024 (VUT)/22-CPTA-LN [O.6.1.9]/23-CPTA-LN 5 kph AEB (Day)/631-VUT 30 kph; CPTA-LN 5 kph AEB (Day) (1)/V9_T631_R7.txt,9-BZ7/8-C-NCAP VRU 2024 (VUT)/22-CPTA-LN [O.6.1.9]/23-CPTA-LN 5 kph AEB (Day)/631-VUT 30 kph; CPTA-LN 5 kph AEB (Day)/V9_T631_R7.txt,7755b45bf8c411558ff6054b2c9a88a440720ec8e16ea5eb1d5707fe8e1ac1fb
9-BZ7/8-C-NCAP VRU 2024 (VUT)/24-CPTA-LF [O.6.1.10]/25-CPTA-LF 6.5 kph AEB (Day)/634-VUT 10 kph; CPTA-LF 6.5 kph AEB (Day) (1)/V9_T634_R3.txt,9-BZ7/8-C-NCAP VRU 2024 (VUT)/24-CPTA-LF [O.6.1.10]/25-CPTA-LF 6.5 kph AEB (Day)/634-VUT 10 kph; CPTA-LF 6.5 kph AEB (Day)/V9_T634_R3.txt,0604ec5310d28ed080f60c0cab32209a945c97a9d1a947dfb941ece0d82aa644
9-BZ7/8-C-NCAP VRU 2024 (VUT)/24-CPTA-LF [O.6.1.10]/25-CPTA-LF 6.5 kph AEB (Day)/637-VUT 20 kph; CPTA-LF 6.5 kph AEB (Day) (1)/V9_T637_R2.txt,9-BZ7/8-C-NCAP VRU 2024 (VUT)/24-CPTA-LF [O.6.1.10]/25-CPTA-LF 6.5 kph AEB (Day)/637-VUT 20 kph; CPTA-LF 6.5 kph AEB (Day)/V9_T637_R2.txt,0bfc224b1cbaa41f366cfba82a7d15af53698f5db30a0571ceec5901df7dca13
9-BZ7/8-C-NCAP VRU 2024 (VUT)/24-CPTA-LF [O.6.1.10]/25-CPTA-LF 6.5 kph AEB (Day)/637-VUT 20 kph; CPTA-LF 6.5 kph AEB (Day) (1)/V9_T637_R3.txt,9-BZ7/8-C-NCAP VRU 2024 (VUT)/24-CPTA-LF [O.6.1.10]/25-CPTA-LF 6.5 kph AEB (Day)/637-VUT 20 kph; CPTA-LF 6.5 kph AEB (Day)/V9_T637_R3.txt,aedb837cd171091a2030ad444b5efacce0e5553c645cadab229173d5d91a5fc1
9-BZ7/8-C-NCAP VRU 2024 (VUT)/24-CPTA-LF [O.6.1.10]/25-CPTA-LF 6.5 kph AEB (Day)/637-VUT 20 kph; CPTA-LF 6.5 kph AEB (Day) (1)/V9_T637_R4.txt,9-BZ7/8-C-NCAP VRU 2024 (VUT)/24-CPTA-LF [O.6.1.10]/25-CPTA-LF 6.5 kph AEB (Day)/637-VUT 20 kph; CPTA-LF 6.5 kph AEB (Day)/V9_T637_R4.txt,3f3cfa05665160f5c7111d2852d091394e76e8b315316bf71b0df8b63c962178
9-BZ7/8-C-NCAP VRU 2024 (VUT)/24-CPTA-LF [O.6.1.10]/25-CPTA-LF 6.5 kph AEB (Day)/640-VUT 30 kph; CPTA-LF 6.5 kph AEB (Day) (1)/V9_T640_R3.txt,9-BZ7/8-C-NCAP VRU 2024 (VUT)/24-CPTA-LF [O.6.1.10]/25-CPTA-LF 6.5 kph AEB (Day)/640-VUT 30 kph; CPTA-LF 6.5 kph AEB (Day)/V9_T640_R3.txt,17d0059ca8689482924a4f426884df2ada93195fb432b2433155d6fd61829c30
9-BZ7/8-C-NCAP VRU 2024 (VUT)/24-CPTA-LF [O.6.1.10]/25-CPTA-LF 6.5 kph AEB (Day)/640-VUT 30 kph; CPTA-LF 6.5 kph AEB (Day) (1)/V9_T640_R4.txt,9-BZ7/8-C-NCAP VRU 2024 (VUT)/24-CPTA-LF [O.6.1.10]/25-CPTA-LF 6.5 kph AEB (Day)/640-VUT 30 kph; CPTA-LF 6.5 kph AEB (Day)/V9_T640_R4.txt,3ba590c80a02b18eb6c887f261c996f310eaccfcda1394a67bfad5971ad919b9
9-BZ7/8-C-NCAP VRU 2024 (VUT)/24-CPTA-LF [O.6.1.10]/25-CPTA-LF 6.5 kph AEB (Day)/640-VUT 30 kph; CPTA-LF 6.5 kph AEB (Day) (1)/V9_T640_R5.txt,9-BZ7/8-C-NCAP VRU 2024 (VUT)/24-CPTA-LF [O.6.1.10]/25-CPTA-LF 6.5 kph AEB (Day)/640-VUT 30 kph; CPTA-LF 6.5 kph AEB (Day)/V9_T640_R5.txt,6ddd20fe6b0692ff27a9a44e5790ccb788e8b943b9d3f9f0db9a4f3c2945d95b
9-BZ7/8-C-NCAP VRU 2024 (VUT)/26-CPTA-RF [O.6.1.11]/27-CPTA-RF 6.5 kph AEB (Day)/646-VUT 20 kph; CPTA-RF 6.5 kph AEB (Day) (1)/V9_T646_R4.txt,9-BZ7/8-C-NCAP VRU 2024 (VUT)/26-CPTA-RF [O.6.1.11]/27-CPTA-RF 6.5 kph AEB (Day)/646-VUT 20 kph; CPTA-RF 6.5 kph AEB (Day)/V9_T646_R4.txt,069912a751cbaa9ff601a0f8e2399107acc4088fcac059a9d00799bb957a755a
9-BZ7/8-C-NCAP VRU 2024 (VUT)/26-CPTA-RF [O.6.1.11]/27-CPTA-RF 6.5 kph AEB (Day)/646-VUT 20 kph; CPTA-RF 6.5 kph AEB (Day) (1)/V9_T646_R5.txt,9-BZ7/8-C-NCAP VRU 2024 (VUT)/26-CPTA-RF [O.6.1.11]/27-CPTA-RF 6.5 kph AEB (Day)/646-VUT 20 kph; CPTA-RF 6.5 kph AEB (Day)/V9_T646_R5.txt,b6d7a56143d18d1dfb80b232fc712c2969fc9ff3dc3f4cf12516bf16a6f63504
9-BZ7/8-C-NCAP VRU 2024 (VUT)/26-CPTA-RF [O.6.1.11]/27-CPTA-RF 6.5 kph AEB (Day)/646-VUT 20 kph; CPTA-RF 6.5 kph AEB (Day) (1)/V9_T646_R6.txt,9-BZ7/8-C-NCAP VRU 2024 (VUT)/26-CPTA-RF [O.6.1.11]/27-CPTA-RF 6.5 kph AEB (Day)/646-VUT 20 kph; CPTA-RF 6.5 kph AEB (Day)/V9_T646_R6.txt,fffed099e881e37d372b2d02aa387bf30167b2a87568d2cec70d4b23d5628c97
9-BZ7/8-C-NCAP VRU 2024 (VUT)/28-CBNAO [O.6.2.5]/29-CBNAO-50 15 kph AEB (Day)/661-VUT 20 kph; CBNAO-50 15 kph AEB (Day) (1)/V9_T661_R1.txt,9-BZ7/8-C-NCAP VRU 2024 (VUT)/28-CBNAO [O.6.2.5]/29-CBNAO-50 15 kph AEB (Day)/661-VUT 20 kph; CBNAO-50 15 kph AEB (Day)/V9_T661_R1.txt,4a7c3978ad7de3c4aae47abb3eccea16cc4edf89f2bcebaacd75161bc8739bbf
9-BZ7/8-C-NCAP VRU 2024 (VUT)/28-CBNAO [O.6.2.5]/29-CBNAO-50 15 kph AEB (Day)/661-VUT 20 kph; CBNAO-50 15 kph AEB (Day) (1)/V9_T661_R2.txt,9-BZ7/8-C-NCAP VRU 2024 (VUT)/28-CBNAO [O.6.2.5]/29-CBNAO-50 15 kph AEB (Day)/661-VUT 20 kph; CBNAO-50 15 kph AEB (Day)/V9_T661_R2.txt,f123c6262a152af0f31b761bb0269be36e7179d87ebb42dd9ac3f217daaa2bb5
9-BZ7/8-C-NCAP VRU 2024 (VUT)/28-CBNAO [O.6.2.5]/29-CBNAO-50 15 kph AEB (Day)/661-VUT 20 kph; CBNAO-50 15 kph AEB (Day) (1)/V9_T661_R3.txt,9-BZ7/8-C-NCAP VRU 2024 (VUT)/28-CBNAO [O.6.2.5]/29-CBNAO-50 15 kph AEB (Day)/661-VUT 20 kph; CBNAO-50 15 kph AEB (Day)/V9_T661_R3.txt,cd29a7f12d63b50371d74d07f62a135a58f1742e342c3206e169ee9028437d23
9-BZ7/8-C-NCAP VRU 2024 (VUT)/28-CBNAO [O.6.2.5]/29-CBNAO-50 15 kph AEB (Day)/667-VUT 40 kph; CBNAO-50 15 kph AEB (Day) (1)/V9_T667_R1.txt,9-BZ7/8-C-NCAP VRU 2024 (VUT)/28-CBNAO [O.6.2.5]/29-CBNAO-50 15 kph AEB (Day)/667-VUT 40 kph; CBNAO-50 15 kph AEB (Day)/V9_T667_R1.txt,76939409c5a54d157aefb345c4ed672a1da2fef2c36466fc32ea25e9d5442c12
9-BZ7/8-C-NCAP VRU 2024 (VUT)/28-CBNAO [O.6.2.5]/29-CBNAO-50 15 kph AEB (Day)/667-VUT 40 kph; CBNAO-50 15 kph AEB (Day) (1)/V9_T667_R2.txt,9-BZ7/8-C-NCAP VRU 2024 (VUT)/28-CBNAO [O.6.2.5]/29-CBNAO-50 15 kph AEB (Day)/667-VUT 40 kph; CBNAO-50 15 kph AEB (Day)/V9_T667_R2.txt,b6fd35b8832634b4eecae2de7ad593fa03a467188fd1b5bab38fcfbfca31a3c1
9-BZ7/8-C-NCAP VRU 2024 (VUT)/28-CBNAO [O.6.2.5]/29-CBNAO-50 15 kph AEB (Day)/667-VUT 40 kph; CBNAO-50 15 kph AEB (Day) (1)/V9_T667_R3.txt,9-BZ7/8-C-NCAP VRU 2024 (VUT)/28-CBNAO [O.6.2.5]/29-CBNAO-50 15 kph AEB (Day)/667-VUT 40 kph; CBNAO-50 15 kph AEB (Day)/V9_T667_R3.txt,e6d1c5e9f1ddbdeab2f72c9b3d675056265e32ef8b584adf538fb41b8cb3c4ab
9-BZ7/8-C-NCAP VRU 2024 (VUT)/28-CBNAO [O.6.2.5]/29-CBNAO-50 15 kph AEB (Day)/673-VUT 60 kph; CBNAO-50 15 kph AEB (Day) (1)/V9_T673_R1.txt,9-BZ7/8-C-NCAP VRU 2024 (VUT)/28-CBNAO [O.6.2.5]/29-CBNAO-50 15 kph AEB (Day)/673-VUT 60 kph; CBNAO-50 15 kph AEB (Day)/V9_T673_R1.txt,326819d897c8571ab65a720e765db35251872a154cad9842e094fffebe32e857
9-BZ7/8-C-NCAP VRU 2024 (VUT)/28-CBNAO [O.6.2.5]/29-CBNAO-50 15 kph AEB (Day)/673-VUT 60 kph; CBNAO-50 15 kph AEB (Day) (1)/V9_T673_R2.txt,9-BZ7/8-C-NCAP VRU 2024 (VUT)/28-CBNAO [O.6.2.5]/29-CBNAO-50 15 kph AEB (Day)/673-VUT 60 kph; CBNAO-50 15 kph AEB (Day)/V9_T673_R2.txt,727de8aa39197a10392ee44c0a4059ead88409b3a552edda0766513cec879ec9
9-BZ7/8-C-NCAP VRU 2024 (VUT)/28-CBNAO [O.6.2.5]/29-CBNAO-50 15 kph AEB (Day)/673-VUT 60 kph; CBNAO-50 15 kph AEB (Day) (1)/V9_T673_R3.txt,9-BZ7/8-C-NCAP VRU 2024 (VUT)/28-CBNAO [O.6.2.5]/29-CBNAO-50 15 kph AEB (Day)/673-VUT 60 kph; CBNAO-50 15 kph AEB (Day)/V9_T673_R3.txt,4d2dee40a31f8665943204911fc82e077f976aefd3735b468230c896c097c5b3
9-BZ7/8-C-NCAP VRU 2024 (VUT)/30-CSFAO [O.6.2.6]/31-CSFAO-50 20 kph AEB (Day)/664-VUT 20 kph; CSFAO-50 20 kph AEB (Day) (1)/V9_T664_R1.txt,9-BZ7/8-C-NCAP VRU 2024 (VUT)/30-CSFAO [O.6.2.6]/31-CSFAO-50 20 kph AEB (Day)/664-VUT 20 kph; CSFAO-50 20 kph AEB (Day)/V9_T664_R1.txt,c6442e26c1ea26f6ee76dd57d69b4712a33581bac2d2cd11aab9d7cd70944ac0
9-BZ7/8-C-NCAP VRU 2024 (VUT)/30-CSFAO [O.6.2.6]/31-CSFAO-50 20 kph AEB (Day)/664-VUT 20 kph; CSFAO-50 20 kph AEB (Day) (1)/V9_T664_R2.txt,9-BZ7/8-C-NCAP VRU 2024 (VUT)/30-CSFAO [O.6.2.6]/31-CSFAO-50 20 kph AEB (Day)/664-VUT 20 kph; CSFAO-50 20 kph AEB (Day)/V9_T664_R2.txt,d50c3521a1b86f3d77f4e18e87ef8274273ac447aafffd14c92b2263bb7e1848
9-BZ7/8-C-NCAP VRU 2024 (VUT)/30-CSFAO [O.6.2.6]/31-CSFAO-50 20 kph AEB (Day)/664-VUT 20 kph; CSFAO-50 20 kph AEB (Day) (1)/V9_T664_R3.txt,9-BZ7/8-C-NCAP VRU 2024 (VUT)/30-CSFAO [O.6.2.6]/31-CSFAO-50 20 kph AEB (Day)/664-VUT 20 kph; CSFAO-50 20 kph AEB (Day)/V9_T664_R3.txt,2539efae391fe7a6e3cbe56ccb17e24365095d1b97de5fd1158c628eab451ec1
9-BZ7/8-C-NCAP VRU 2024 (VUT)/30-CSFAO [O.6.2.6]/31-CSFAO-50 20 kph AEB (Day)/670-VUT 40 kph; CSFAO-50 20 kph AEB (Day) (1)/V9_T670_R1.txt,9-BZ7/8-C-NCAP VRU 2024 (VUT)/30-CSFAO [O.6.2.6]/31-CSFAO-50 20 kph AEB (Day)/670-VUT 40 kph; CSFAO-50 20 kph AEB (Day)/V9_T670_R1.txt,d9cf90407ef2279699189979802128ed1379c930fb25af68a2e62ca3007adace
9-BZ7/8-C-NCAP VRU 2024 (VUT)/30-CSFAO [O.6.2.6]/31-CSFAO-50 20 kph AEB (Day)/670-VUT 40 kph; CSFAO-50 20 kph AEB (Day) (1)/V9_T670_R2.txt,9-BZ7/8-C-NCAP VRU 2024 (VUT)/30-CSFAO [O.6.2.6]/31-CSFAO-50 20 kph AEB (Day)/670-VUT 40 kph; CSFAO-50 20 kph AEB (Day)/V9_T670_R2.txt,847bf3f3dc47c9f59dd68a1d14fe1a77290fe653b0067b7514fbe39b611c6967
9-BZ7/8-C-NCAP VRU 2024 (VUT)/30-CSFAO [O.6.2.6]/31-CSFAO-50 20 kph AEB (Day)/670-VUT 40 kph; CSFAO-50 20 kph AEB (Day) (1)/V9_T670_R3.txt,9-BZ7/8-C-NCAP VRU 2024 (VUT)/30-CSFAO [O.6.2.6]/31-CSFAO-50 20 kph AEB (Day)/670-VUT 40 kph; CSFAO-50 20 kph AEB (Day)/V9_T670_R3.txt,1d428fcf9dd635259af907affc8393cefaebb5db66cf52afb240eebb8be063aa
9-BZ7/8-C-NCAP VRU 2024 (VUT)/30-CSFAO [O.6.2.6]/31-CSFAO-50 20 kph AEB (Day)/676-VUT 60 kph; CSFAO-50 20 kph AEB (Day) (1)/V9_T676_R1.txt,9-BZ7/8-C-NCAP VRU 2024 (VUT)/30-CSFAO [O.6.2.6]/31-CSFAO-50 20 kph AEB (Day)/676-VUT 60 kph; CSFAO-50 20 kph AEB (Day)/V9_T676_R1.txt,760cf44b6811a254665f0a803960c7002ce730468a30309c1e31dc62b6be7d89
9-BZ7/8-C-NCAP VRU 2024 (VUT)/30-CSFAO [O.6.2.6]/31-CSFAO-50 20 kph AEB (Day)/676-VUT 60 kph; CSFAO-50 20 kph AEB (Day) (1)/V9_T676_R2.txt,9-BZ7/8-C-NCAP VRU 2024 (VUT)/30-CSFAO [O.6.2.6]/31-CSFAO-50 20 kph AEB (Day)/676-VUT 60 kph; CSFAO-50 20 kph AEB (Day)/V9_T676_R2.txt,d740e7f05b412398cdfb00941f4e3c9993cff0a2fdf684368812857ef87d996c
9-BZ7/8-C-NCAP VRU 2024 (VUT)/30-CSFAO [O.6.2.6]/31-CSFAO-50 20 kph AEB (Day)/676-VUT 60 kph; CSFAO-50 20 kph AEB (Day) (1)/V9_T676_R3.txt,9-BZ7/8-C-NCAP VRU 2024 (VUT)/30-CSFAO [O.6.2.6]/31-CSFAO-50 20 kph AEB (Day)/676-VUT 60 kph; CSFAO-50 20 kph AEB (Day)/V9_T676_R3.txt,3c9a7cdeae9fa532d285e523d15a1586cf6f5d741ea1b1fc23093910601a0122
9-BZ7/8-C-NCAP VRU 2024 (VUT)/32-CBLA [O.6.2.7]/33-CBLA-25 15 kph AEB (Day)/649-VUT 20 kph; CBLA-25 15 kph AEB (Day) (1)/V9_T649_R1.txt,9-BZ7/8-C-NCAP VRU 2024 (VUT)/32-CBLA [O.6.2.7]/33-CBLA-25 15 kph AEB (Day)/649-VUT 20 kph; CBLA-25 15 kph AEB (Day)/V9_T649_R1.txt,39bd2b36b20b12bf231d4996922f34bb9d504c9d02a64c24caab8dbbb0495686
9-BZ7/8-C-NCAP VRU 2024 (VUT)/32-CBLA [O.6.2.7]/33-CBLA-25 15 kph AEB (Day)/649-VUT 20 kph; CBLA-25 15 kph AEB (Day) (1)/V9_T649_R2.txt,9-BZ7/8-C-NCAP VRU 2024 (VUT)/32-CBLA [O.6.2.7]/33-CBLA-25 15 kph AEB (Day)/649-VUT 20 kph; CBLA-25 15 kph AEB (Day)/V9_T649_R2.txt,f93412171594103a03a0d38421a292a5660057fe5c72e2433d3924e786654bd7
9-BZ7/8-C-NCAP VRU 2024 (VUT)/32-CBLA [O.6.2.7]/33-CBLA-25 15 kph AEB (Day)/649-VUT 20 kph; CBLA-25 15 kph AEB (Day) (1)/V9_T649_R3.txt,9-BZ7/8-C-NCAP VRU 2024 (VUT)/32-CBLA [O.6.2.7]/33-CBLA-25 15 kph AEB (Day)/649-VUT 20 kph; CBLA-25 15 kph AEB (Day)/V9_T649_R3.txt,dd5836331f1422da55eb748e6df4ce44ae3de10d31e16e5b606bc9af5e164449
9-BZ7/8-C-NCAP VRU 2024 (VUT)/32-CBLA [O.6.2.7]/33-CBLA-25 15 kph AEB (Day)/652-VUT 40 kph; CBLA-25 15 kph AEB (Day) (1)/V9_T652_R1.txt,9-BZ7/8-C-NCAP VRU 2024 (VUT)/32-CBLA [O.6.2.7]/33-CBLA-25 15 kph AEB (Day)/652-VUT 40 kph; CBLA-25 15 kph AEB (Day)/V9_T652_R1.txt,62eac585cc2c6da173f4252679a6f9dec4699dac6437bea71cf9790b67c6bcfe
9-BZ7/8-C-NCAP VRU 2024 (VUT)/32-CBLA [O.6.2.7]/33-CBLA-25 15 kph AEB (Day)/652-VUT 40 kph; CBLA-25 15 kph AEB (Day) (1)/V9_T652_R2.txt,9-BZ7/8-C-NCAP VRU 2024 (VUT)/32-CBLA [O.6.2.7]/33-CBLA-25 15 kph AEB (Day)/652-VUT 40 kph; CBLA-25 15 kph AEB (Day)/V9_T652_R2.txt,04062e5240b319c00c47d616f2c894faf66aa1a9e75c14afa6dafd84a15db01d
9-BZ7/8-C-NCAP VRU 2024 (VUT)/32-CBLA [O.6.2.7]/33-CBLA-25 15 kph AEB (Day)/652-VUT 40 kph; CBLA-25 15 kph AEB (Day) (1)/V9_T652_R3.txt,9-BZ7/8-C-NCAP VRU 2024 (VUT)/32-CBLA [O.6.2.7]/33-CBLA-25 15 kph AEB (Day)/652-VUT 40 kph; CBLA-25 15 kph AEB (Day)/V9_T652_R3.txt,743d81eebe0e13d79091d0a6557b457ae7ae64bc4926aa342da20e73a6f7a28e
9-BZ7/8-C-NCAP VRU 2024 (VUT)/35-CSTA-LN [O.6.2.8]/36-CSTA-LN 20 kph AEB (Day)/682-VUT 20 kph; CSTA-LN 20 kph AEB (Day) (1)/V9_T682_R3.txt,9-BZ7/8-C-NCAP VRU 2024 (VUT)/35-CSTA-LN [O.6.2.8]/36-CSTA-LN 20 kph AEB (Day)/682-VUT 20 kph; CSTA-LN 20 kph AEB (Day)/V9_T682_R3.txt,cf0717eaa0d51183bd24be7ffcf337365959d1fc7bad1ba43cd376d28d819002
9-BZ7/8-C-NCAP VRU 2024 (VUT)/35-CSTA-LN [O.6.2.8]/36-CSTA-LN 20 kph AEB (Day)/682-VUT 20 kph; CSTA-LN 20 kph AEB (Day) (1)/V9_T682_R4.txt,9-BZ7/8-C-NCAP VRU 2024 (VUT)/35-CSTA-LN [O.6.2.8]/36-CSTA-LN 20 kph AEB (Day)/682-VUT 20 kph; CSTA-LN 20 kph AEB (Day)/V9_T682_R4.txt,709ca58dd1a12d597f780cf54606cbad87ab1bdded68f8c6ddce2246155a003b
9-BZ7/8-C-NCAP VRU 2024 (VUT)/35-CSTA-LN [O.6.2.8]/36-CSTA-LN 20 kph AEB (Day)/682-VUT 20 kph; CSTA-LN 20 kph AEB (Day) (1)/V9_T682_R5.txt,9-BZ7/8-C-NCAP VRU 2024 (VUT)/35-CSTA-LN [O.6.2.8]/36-CSTA-LN 20 kph AEB (Day)/682-VUT 20 kph; CSTA-LN 20 kph AEB (Day)/V9_T682_R5.txt,232994ea292f7ce5106c1260f16c9634b5b84d4ddff5eb9aac2d959cce19a5ad
9-BZ7/8-C-NCAP VRU 2024 (VUT)/35-CSTA-LN [O.6.2.8]/36-CSTA-LN 20 kph AEB (Day)/685-VUT 30 kph; CSTA-LN 20 kph AEB (Day) (1)/V9_T685_R5.txt,9-BZ7/8-C-NCAP VRU 2024 (VUT)/35-CSTA-LN [O.6.2.8]/36-CSTA-LN 20 kph AEB (Day)/685-VUT 30 kph; CSTA-LN 20 kph AEB (Day)/V9_T685_R5.txt,a6ea61aa70fd6d8739fa1d3ebda4df090ac2ad36b3e30088ca23a914a1ab3843
9-BZ7/8-C-NCAP VRU 2024 (VUT)/35-CSTA-LN [O.6.2.8]/36-CSTA-LN 20 kph AEB (Day)/685-VUT 30 kph; CSTA-LN 20 kph AEB (Day) (1)/V9_T685_R6.txt,9-BZ7/8-C-NCAP VRU 2024 (VUT)/35-CSTA-LN [O.6.2.8]/36-CSTA-LN 20 kph AEB (Day)/685-VUT 30 kph; CSTA-LN 20 kph AEB (Day)/V9_T685_R6.txt,49567272a8fc5e55e80ef7d31f887dd53858e2b0d8b4081fe75cf9bb8579671b
9-BZ7/8-C-NCAP VRU 2024 (VUT)/35-CSTA-LN [O.6.2.8]/36-CSTA-LN 20 kph AEB (Day)/685-VUT 30 kph; CSTA-LN 20 kph AEB (Day) (1)/V9_T685_R7.txt,9-BZ7/8-C-NCAP VRU 2024 (VUT)/35-CSTA-LN [O.6.2.8]/36-CSTA-LN 20 kph AEB (Day)/685-VUT 30 kph; CSTA-LN 20 kph AEB (Day)/V9_T685_R7.txt,a809f0c4780faafc815bd12a87a6092ed859527d26bfc21d4d9e5f639c70a800
9-BZ7/8-C-NCAP VRU 2024 (VUT)/37-CSTA-RN [O.6.2.9]/38-CSTA-RN 20 kph AEB (Day)/691-VUT 20 kph; CSTA-RN 20 kph AEB (Day) (1)/V9_T691_R3.txt,9-BZ7/8-C-NCAP VRU 2024 (VUT)/37-CSTA-RN [O.6.2.9]/38-CSTA-RN 20 kph AEB (Day)/691-VUT 20 kph; CSTA-RN 20 kph AEB (Day)/V9_T691_R3.txt,3f1527ccb9434a0a50824b5167ad74e64f19d1d57951e5df17cbaf899e42c2c5
9-BZ7/8-C-NCAP VRU 2024 (VUT)/37-CSTA-RN [O.6.2.9]/38-CSTA-RN 20 kph AEB (Day)/691-VUT 20 kph; CSTA-RN 20 kph AEB (Day) (1)/V9_T691_R4.txt,9-BZ7/8-C-NCAP VRU 2024 (VUT)/37-CSTA-RN [O.6.2.9]/38-CSTA-RN 20 kph AEB (Day)/691-VUT 20 kph; CSTA-RN 20 kph AEB (Day)/V9_T691_R4.txt,adcb38a790699014c82263491db4283a68e688d6836afa5b0f6493b5b558a2b4
9-BZ7/9-Euro NCAP AEB Car-to-car 2023 (VUT)/25-AEB/27-CCRm [8.2.2.2]/854-VUT 60 kph; CCRm 100 % AEB (1)/V9_T854_R1.txt,9-BZ7/9-Euro NCAP AEB Car-to-car 2023 (VUT)/25-AEB/27-CCRm [8.2.2.2]/854-VUT 60 kph; CCRm 100 % AEB/V9_T854_R1.txt,6b203636273d2f8dd160a7c4b458c4f0321e56a2ca731fdc4becc94da248f3bf
9-BZ7/9-Euro NCAP AEB Car-to-car 2023 (VUT)/25-AEB/27-CCRm [8.2.2.2]/854-VUT 60 kph; CCRm 100 % AEB (1)/V9_T854_R2.txt,9-BZ7/9-Euro NCAP AEB Car-to-car 2023 (VUT)/25-AEB/27-CCRm [8.2.2.2]/854-VUT 60 kph; CCRm 100 % AEB/V9_T854_R2.txt,9dea41f9c290d4c312b26805ddf5d077af1a8036b17319211461a88899773891
9-BZ7/9-Euro NCAP AEB Car-to-car 2023 (VUT)/25-AEB/27-CCRm [8.2.2.2]/854-VUT 60 kph; CCRm 100 % AEB (1)/V9_T854_R3.txt,9-BZ7/9-Euro NCAP AEB Car-to-car 2023 (VUT)/25-AEB/27-CCRm [8.2.2.2]/854-VUT 60 kph; CCRm 100 % AEB/V9_T854_R3.txt,9475989ef4f0a6f6a341ae8ab5cf5c8c554b904516bd0b4ee0fc2217b266afa4
9-BZ7/9-Euro NCAP AEB Car-to-car 2023 (VUT)/25-AEB/27-CCRm [8.2.2.2]/884-VUT 70 kph; CCRm 100 % AEB (1)/V9_T884_R1.txt,9-BZ7/9-Euro NCAP AEB Car-to-car 2023 (VUT)/25-AEB/27-CCRm [8.2.2.2]/884-VUT 70 kph; CCRm 100 % AEB/V9_T884_R1.txt,78b90e4d80c9a43b680ca06478754bfcbb44bb912e65a3cc5b80533b4c6eb391
9-BZ7/9-Euro NCAP AEB Car-to-car 2023 (VUT)/25-AEB/27-CCRm [8.2.2.2]/884-VUT 70 kph; CCRm 100 % AEB (1)/V9_T884_R2.txt,9-BZ7/9-Euro NCAP AEB Car-to-car 2023 (VUT)/25-AEB/27-CCRm [8.2.2.2]/884-VUT 70 kph; CCRm 100 % AEB/V9_T884_R2.txt,2d0508a9374ba390fc8be3422e631f6efaa5cc87dc4104e0d4158d682c5f8254
9-BZ7/9-Euro NCAP AEB Car-to-car 2023 (VUT)/25-AEB/27-CCRm [8.2.2.2]/884-VUT 70 kph; CCRm 100 % AEB (1)/V9_T884_R3.txt,9-BZ7/9-Euro NCAP AEB Car-to-car 2023 (VUT)/25-AEB/27-CCRm [8.2.2.2]/884-VUT 70 kph; CCRm 100 % AEB/V9_T884_R3.txt,e866e3bb720fd19f65f42ed45832fa023c6ebe74f946a019c7fd4ac0eacffc7d
9-BZ7/9-Euro NCAP AEB Car-to-car 2023 (VUT)/25-AEB/27-CCRm [8.2.2.2]/914-VUT 80 kph; CCRm 100 % AEB (1)/V9_T914_R2.txt,9-BZ7/9-Euro NCAP AEB Car-to-car 2023 (VUT)/25-AEB/27-CCRm [8.2.2.2]/914-VUT 80 kph; CCRm 100 % AEB/V9_T914_R2.txt,ac414a938a7d2c65f45ba57a954c2f4f328dc02441c18980018f320bc10c0851
9-BZ7/9-Euro NCAP AEB Car-to-car 2023 (VUT)/25-AEB/27-CCRm [8.2.2.2]/914-VUT 80 kph; CCRm 100 % AEB (1)/V9_T914_R3.txt,9-BZ7/9-Euro NCAP AEB Car-to-car 2023 (VUT)/25-AEB/27-CCRm [8.2.2.2]/914-VUT 80 kph; CCRm 100 % AEB/V9_T914_R3.txt,15f5831bfb105622c8b3593092b5325091afd58ef3aba4bb0a8a204632c9d2b5
9-BZ7/9-Euro NCAP AEB Car-to-car 2023 (VUT)/25-AEB/27-CCRm [8.2.2.2]/914-VUT 80 kph; CCRm 100 % AEB (1)/V9_T914_R4.txt,9-BZ7/9-Euro NCAP AEB Car-to-car 2023 (VUT)/25-AEB/27-CCRm [8.2.2.2]/914-VUT 80 kph; CCRm 100 % AEB/V9_T914_R4.txt,a30b06e6e8b729f8056b19246ab88611aeaa95a19055ad62eec9d5a818126999
