run,vehicle,scenario,event_status,sha256,operator_label,onset_s,onset_speed_kph,travel_pre_mm,travel_win_mm,force_min_pre,force_max_pre,force_min_win,force_max_win,cmd_abs_max_pre2,cmd_abs_max_pre5,cmd_abs_max_win,cmd_active_frac_win,cmd_first_active_rel_s,pre_pulse_gap_s,tension,foot_pre_event,screen_flag_noisy,signature,screen_class
13-xiaopengG9/8-Euro NCAP AEB VRU 2020 Group (VUT)/13-Pedestrian Longitudinal Scenarios/14-CPLA-50 5 kph (Day) [7.2.7]/518-VUT 40 kph; CPLA-50 5 kph (Day)/V13_T518_R3.txt,13-xiaopengG9,CPLA,br_zero_observed_braking,b18f90763d87c092e6c3f11a2ef7476740071a1355b517f11f64301c17348b00,,30.47,39.78,0.034,25.572,-16.0,16.39,-66.18,66.15,0.0,0.0,0.0,0.0,,,1,0,,drag_then_foot_adjudicate,drag_then_foot_adjudicate
13-xiaopengG9/8-Euro NCAP AEB VRU 2020 Group (VUT)/5-Pedestrian Farside Scenarios/6-CPFA-50 8 kph (Day) [7.2.4]/308-VUT 20 kph; CPFA-50 8 kph (Day)/V13_T308_R2.txt,13-xiaopengG9,CPFA,br_zero_observed_braking,3f0b4643c8cba22dcfd85f21e637bce8fd09e16240c72a710342402238ed5425,,18.96,20.11,0.014,31.564,-36.89,21.19,-79.84,69.94,0.0,0.0,0.0,0.0,,,1,0,,drag_then_foot_adjudicate,drag_then_foot_adjudicate
13-xiaopengG9/8-Euro NCAP AEB VRU 2020 Group (VUT)/5-Pedestrian Farside Scenarios/6-CPFA-50 8 kph (Day) [7.2.4]/320-VUT 40 kph; CPFA-50 8 kph (Day)/V13_T320_R1.txt,13-xiaopengG9,CPFA,br_zero_observed_braking,9bef6e2d5a20f4e8a009aefac3893aef9cecf1cd85a28c26bd69146ab22c1cc6,,12.19,40.12,0.013,32.333,0.68,57.94,66.94,246.73,0.0,0.0,0.0,0.0,,,0,0,,foot_compression,foot_compression
13-xiaopengG9/8-Euro NCAP AEB VRU 2020 Group (VUT)/5-Pedestrian Farside Scenarios/6-CPFA-50 8 kph (Day) [7.2.4]/332-VUT 60 kph; CPFA-50 8 kph (Day)/V13_T332_R2.txt,13-xiaopengG9,CPFA,br_zero_observed_braking,d9853ba71ad8bb165fdefc67eaf5f16cd7680eb185b2ece633857cb5cd5c3fb6,none_confirmed,13.37,60.15,0.019,32.364,-37.09,23.47,-84.47,75.01,0.0,0.0,0.0,0.0,,,1,0,,drag_then_foot_adjudicate,drag_then_foot_adjudicate
13-xiaopengG9/8-Euro NCAP AEB VRU 2020 Group (VUT)/7-Pedestrian Nearside Scenarios/8-CPNA-25 5 kph (Day) [7.2.5]/341-VUT 20 kph; CPNA-25 5 kph (Day)/V13_T341_R1.txt,13-xiaopengG9,CPNA,br_zero_observed_braking,7814d4bfa1c3c6b3298331ba59d76221029d36df53299e2899075881a2425b8e,,19.37,20.13,0.01,26.779,-43.87,13.73,-77.82,88.73,0.0,0.0,0.0,0.0,,,1,0,,drag_then_foot_adjudicate,drag_then_foot_adjudicate
13-xiaopengG9/8-Euro NCAP AEB VRU 2020 Group (VUT)/7-Pedestrian Nearside Scenarios/8-CPNA-25 5 kph (Day) [7.2.5]/365-VUT 60 kph; CPNA-25 5 kph (Day)/V13_T365_R1.txt,13-xiaopengG9,CPNA,br_zero_observed_braking,208f344e2db255449744475fb8cb5525537fa2b88e91f3694e4c83aa8361412b,,13.21,60.15,0.012,30.163,-40.87,13.71,-78.86,290.32,0.0,0.0,0.0,0.0,,,1,0,,drag_then_foot_adjudicate,drag_then_foot_adjudicate
15-TANG L-CNCAP2024/26-C-NCAP VRU 2024 (VUT)/26-CPTA-RF [O.6.1.11]/27-CPTA-RF 6.5 kph AEB (Day)/5216-VUT 20 kph; CPTA-RF 6.5 kph AEB (Day)/V15_T5216_R5.txt,15-TANG L-CNCAP2024,CPTA,br_zero_observed_braking,da7819955c1fd65173f5071d7e90311182141fc86619ca5e519054c3606547f4,,33.04,20.6,1.609,60.961,0.74,28.62,24.13,69.47,0.0,0.0,0.0,0.0,,,0,0,,foot_compression,foot_compression
9-BZ7/6-C-NCAP ADAS 2024 (VUT)/9-CCR [L.6.1]/10-AEB-CIASI/11-CCRs/226-VUT 50 kph; CCRs -50 % AEB (1)/V9_T226_R3.txt,9-BZ7,CCRS,br_zero_observed_braking,21d63b9e81ef3436781607b26b19d3b6c55723646eb4ac3d2373f5a85d75ad08,,18.82,50.24,0.034,35.359,0.31,6.52,0.32,51.38,0.0,0.0,0.0,0.0,,,0,0,,foot_compression,foot_compression
9-BZ7/6-C-NCAP ADAS 2024 (VUT)/9-CCR [L.6.1]/10-AEB-CIASI/11-CCRs/226-VUT 50 kph; CCRs -50 % AEB/V9_T226_R3.txt,9-BZ7,CCRS,br_zero_observed_braking,21d63b9e81ef3436781607b26b19d3b6c55723646eb4ac3d2373f5a85d75ad08,,18.82,50.24,0.034,35.359,0.31,6.52,0.32,51.38,0.0,0.0,0.0,0.0,,,0,0,,foot_compression,foot_compression
9-BZ7/7-C-IASI VRU 2024 (VUT)/19-CPFAO [O.6.1.8]/20-CPFAO-50  5kph AEB(night)/448-VUT 40 kph; CPFAO-50 (1)/V9_T448_R4.txt,9-BZ7,AEB,br_zero_observed_braking,8fbf3379923753a198cc6a6f1db4e0ad717aeb8587a04f92c403b52e030076f4,,23.49,39.42,0.016,36.068,-2.51,2.96,0.48,154.36,0.0,0.0,0.0,0.0,,,0,0,,foot_compression,foot_compression
9-BZ7/7-C-IASI VRU 2024 (VUT)/19-CPFAO [O.6.1.8]/20-CPFAO-50  5kph AEB(night)/448-VUT 40 kph; CPFAO-50/V9_T448_R4.txt,9-BZ7,AEB,br_zero_observed_braking,8fbf3379923753a198cc6a6f1db4e0ad717aeb8587a04f92c403b52e030076f4,,23.49,39.42,0.016,36.068,-2.51,2.96,0.48,154.36,0.0,0.0,0.0,0.0,,,0,0,,foot_compression,foot_compression
9-BZ7/8-C-NCAP VRU 2024 (VUT)/17-CPNCO [O.6.1.7]/18-CPNCO-25 5 kph AEB (Day)/598-VUT 20 kph; CPNCO-25 5 kph AEB (Day) (1)/V9_T598_R1.txt,9-BZ7,CPNCO,br_zero_observed_braking,34c8144795825a8b46c3790dcb3a7bed73986f03b98bcdac26eddea1080ee295,,20.09,20.54,0.008,27.204,-0.47,25.02,25.27,90.21,0.0,0.0,0.0,0.0,,,0,0,,foot_compression,foot_compression
9-BZ7/8-C-NCAP VRU 2024 (VUT)/17-CPNCO [O.6.1.7]/18-CPNCO-25 5 kph AEB (Day)/598-VUT 20 kph; CPNCO-25 5 kph AEB (Day)/V9_T598_R1.txt,9-BZ7,CPNCO,br_zero_observed_braking,34c8144795825a8b46c3790dcb3a7bed73986f03b98bcdac26eddea1080ee295,,20.09,20.54,0.008,27.204,-0.47,25.02,25.27,90.21,0.0,0.0,0.0,0.0,,,0,0,,foot_compression,foot_compression
9-BZ7/8-C-NCAP VRU 2024 (VUT)/17-CPNCO [O.6.1.7]/18-CPNCO-25 5 kph AEB (Day)/616-VUT 60 kph; CPNCO-25 5 kph AEB (Day) (1)/V9_T616_R3.txt,9-BZ7,CPNCO,br_zero_observed_braking,9ddf1b0a67d7446f2b55da80fa7fc1fd15fa5907ae91ba6fa430969b4cec9c50,,19.49,60.64,0.02,35.839,5.39,9.14,5.72,248.55,0.0,0.0,0.0,0.0,,,0,0,,foot_compression,foot_compression
9-BZ7/8-C-NCAP VRU 2024 (VUT)/17-CPNCO [O.6.1.7]/18-CPNCO-25 5 kph AEB (Day)/616-VUT 60 kph; CPNCO-25 5 kph AEB (Day)/V9_T616_R3.txt,9-BZ7,CPNCO,br_zero_observed_braking,9ddf1b0a67d7446f2b55da80fa7fc1fd15fa5907ae91ba6fa430969b4cec9c50,,19.49,60.64,0.02,35.839,5.39,9.14,5.72,248.55,0.0,0.0,0.0,0.0,,,0,0,,foot_compression,foot_compression
9-BZ7/9-Euro NCAP AEB Car-to-car 2023 (VUT)/25-AEB/27-CCRm [8.2.2.2]/914-VUT 80 kph; CCRm 100 % AEB (1)/V9_T914_R1.txt,9-BZ7,CCRM,br_zero_observed_braking,e90875b99005e8ad87d47cefafdafe18281e1de7f7161492867e8abae0c85206,,28.17,79.3,0.072,31.088,-3.25,3.98,0.42,77.36,0.0,0.0,0.0,0.0,,,0,0,,foot_compression,foot_compression
9-BZ7/9-Euro NCAP AEB Car-to-car 2023 (VUT)/25-AEB/27-CCRm [8.2.2.2]/914-VUT 80 kph; CCRm 100 % AEB/V9_T914_R1.txt,9-BZ7,CCRM,br_zero_observed_braking,e90875b99005e8ad87d47cefafdafe18281e1de7f7161492867e8abae0c85206,,28.17,79.3,0.072,31.088,-3.25,3.98,0.42,77.36,0.0,0.0,0.0,0.0,,,0,0,,foot_compression,foot_compression
Guang_Qi_E8_data/11-L6.1.7-SCP-VUT/205-L6.1.7-SCP-VUT-AEB-30.5kph-for/V5_T205_R1.txt,Guang_Qi_E8_data,SCP,br_zero_observed_braking,864f45e7a32a4d0596f9c3f961198e0e19afbadcbdc5004a41f2c1c41b241024,,10.16,27.63,0.013,46.723,0.16,57.88,61.72,299.27,0.0,0.0,0.0,0.0,,,0,0,,foot_compression,foot_compression
Guang_Qi_S9_data/5-C-NCAP VRU 2024 (VUT)/28-CBNAO [O.6.2.5]/29-CBNAO-50 15 kph AEB (Day)/324-VUT 60 kph; CBNAO-50 15 kph AEB (Day)/V4_T324_R1.txt,Guang_Qi_S9_data,AEB,br_zero_observed_braking,b746d943aef29980a9006ca6a996ab318bbe52069a6ece3dc46611617ee922bc,,11.04,60.44,0.267,35.664,-1.62,3.47,-1.92,222.16,0.0,0.0,0.0,0.0,,,0,0,,foot_compression,foot_compression
Guang_Qi_S9_data/5-C-NCAP VRU 2024 (VUT)/28-CBNAO [O.6.2.5]/29-CBNAO-50 15 kph AEB (Day)/324-VUT 60 kph; CBNAO-50 15 kph AEB (Day)/V4_T324_R2.txt,Guang_Qi_S9_data,AEB,br_zero_observed_braking,ed5c876b6022b6a714c85e279b27e05f3eba6ce9f96b9ab7635da758db1b519c,,9.64,60.34,0.434,41.197,-2.08,3.2,-1.35,118.78,0.0,0.0,0.0,0.0,,,0,0,,foot_compression,foot_compression
Guang_Qi_S9_data/5-C-NCAP VRU 2024 (VUT)/30-CSFAO [O.6.2.6]/31-CSFAO-50 20 kph AEB (Day)/321-VUT 40 kph; CSFAO-50 20 kph AEB (Day)/V4_T321_R1.txt,Guang_Qi_S9_data,AEB,br_zero_observed_braking,57b661b56f88d393e9cda24beedf34d81637a564874544bb53745eaea6292af2,,19.0,40.51,0.04,34.057,-2.84,2.79,0.1,73.98,0.0,0.0,0.0,0.0,,,0,0,,foot_compression,foot_compression
Guang_Qi_S9_data/5-C-NCAP VRU 2024 (VUT)/30-CSFAO [O.6.2.6]/31-CSFAO-50 20 kph AEB (Day)/327-VUT 60 kph; CSFAO-50 20 kph AEB (Day)/V4_T327_R1.txt,Guang_Qi_S9_data,AEB,br_zero_observed_braking,693f30f94ec33461eac3db0214eaccde4822a7e017ffa8d46489af9db6fe371f,,11.04,60.38,0.175,36.425,-1.92,2.59,0.79,133.08,0.0,0.0,0.0,0.0,,,0,0,,foot_compression,foot_compression
XPengP7+_data/9-C-NCAP VRU 2024 (VUT)/22-CPTA-LN [O.6.1.9]/23-CPTA-LN 5 kph AEB (Day)/1173-VUT 20 kph; CPTA-LN 5 kph AEB (Day)/V2_T1173_R1.txt,XPengP7+_data,CPTA,br_zero_observed_braking,3cd6e7b3fe08943b94c90fc5c5b1c1f281cec9feece088c2589ffb15558d511e,,23.31,20.46,0.081,39.677,-1.54,30.0,18.61,102.95,0.0,0.0,0.0,0.0,,,0,0,,foot_compression,foot_compression
14-BZ3X/10-C-NCAP VRU 2024 (VUT)/17-CPNCO [O.6.1.7]/18-CPNCO-25 5 kph AEB (Day)/494-VUT 60 kph; CPNCO-25 5 kph AEB (Day)/V14_T494_R1.txt,14-BZ3X,CPNCO,robot_channel_active,6c89e2969162629c9126ea6ebd045e6e83dafc07574590891177d1dd680c6945,,12.8,60.53,0.0,27.54,-33.62,0.37,-21.97,12.0,0.0,0.0,3.36,0.474,1.01,,1,0,,aeb_pedal_dragged,robot_joined_mid_window
14-BZ3X/10-C-NCAP VRU 2024 (VUT)/30-CSFAO [O.6.2.6]/31-CSFAO-50 20 kph AEB (Day)/1804-VUT 5 kph; FCTB-50 20 kph AEB (Day)-ENCAP/V14_T1804_R4.txt,14-BZ3X,AEB,robot_channel_active,c6221fa85fe225e71324ed2eb096d34b4f0ee13d6ec5606bcc6b2c65fbac288c,,9.83,9.04,88.076,0.045,-8.18,2.51,-18.56,18.16,0.0,0.0,88.098,0.3575,1.15,,1,1,,aeb_pedal_static,robot_joined_mid_window
15-TANG L-CNCAP2024/26-C-NCAP VRU 2024 (VUT)/32-CBLA [O.6.2.7]/33-CBLA-25 15 kph AEB (Day)/5222-VUT 40 kph; CBLA-25 15 kph AEB (Day)/V15_T5222_R1.txt,15-TANG L-CNCAP2024,CBLA,robot_channel_active,7df73ff1669acb26c083e7158ec9c1fbf164f54ed6767ebd8590838f9bab2728,,21.08,40.48,0.184,28.561,-6.98,2.45,-8.28,50.88,0.0,0.0,0.047,0.0,,,1,0,1,drag_then_foot_adjudicate,drag_then_foot_adjudicate
15-TANG L-CNCAP2024/26-C-NCAP VRU 2024 (VUT)/37-CSTA-RN [O.6.2.9]/38-CSTA-RN 20 kph AEB (Day)/5261-VUT 20 kph; CSTA-RN 20 kph AEB (Day)/V15_T5261_R9.txt,15-TANG L-CNCAP2024,AEB,robot_channel_active,9c1e3cf93ce18124f271515b538977dbb6f106e1fe143c038c5110043b2ebeb3,,31.85,23.38,0.001,0.004,-2.8,27.79,17.09,69.75,0.0,0.0,43.326,0.6255,0.97,,0,0,,foot_compression,robot_joined_mid_window
8-huajingS/5-C-NCAP ADAS 2024 (VUT)/15-SCP [L.6.1.7]/16-AEB/17-Farside/19-GVT 30 kph/106-VUT 40 kph; CCScp Farside GVT 30 kph AEB/V8_T106_R1.txt,8-huajingS,SCP,robot_channel_active,adfd973088214a0b2cd3c57a6497ddf53af0fff6b292b0bd25053e87ab103c17,,21.1,40.87,0.011,22.08,-0.48,3.94,-2.93,66.31,0.0,0.0,0.035,0.0,,,0,0,1,foot_compression,foot_compression
9-BZ7/6-C-NCAP ADAS 2024 (VUT)/9-CCR [L.6.1]/10-AEB-CIASI/11-CCRs/229-VUT 30 kph; CCRs 50 % AEB (1)/V9_T229_R2.txt,9-BZ7,CCRS,robot_channel_active,c7e9422241de815da18cd90930f4c90d52ae7882a01003a4d774b4134f1b500c,,18.13,29.23,0.016,30.735,-0.39,7.72,1.21,301.45,0.0,0.0,0.019,0.0,,,0,0,1,foot_compression,foot_compression
9-BZ7/6-C-NCAP ADAS 2024 (VUT)/9-CCR [L.6.1]/10-AEB-CIASI/11-CCRs/229-VUT 30 kph; CCRs 50 % AEB/V9_T229_R2.txt,9-BZ7,CCRS,robot_channel_active,c7e9422241de815da18cd90930f4c90d52ae7882a01003a4d774b4134f1b500c,,18.13,29.23,0.016,30.735,-0.39,7.72,1.21,301.45,0.0,0.0,0.019,0.0,,,0,0,1,foot_compression,foot_compression
9-BZ7/6-C-NCAP ADAS 2024 (VUT)/9-CCR [L.6.1]/10-AEB-CIASI/11-CCRs/232-VUT 40 kph; CCRs 100 % AEB (1)/V9_T232_R2.txt,9-BZ7,CCRS,robot_channel_active,014278785bc346b4e98815bf894955a69e0544aaaee344e8e0a1383085349db0,,23.25,39.22,0.01,33.283,-2.01,4.86,-1.95,50.09,0.0,0.0,0.0,0.0,,,0,0,1,foot_compression,foot_compression
9-BZ7/6-C-NCAP ADAS 2024 (VUT)/9-CCR [L.6.1]/10-AEB-CIASI/11-CCRs/232-VUT 40 kph; CCRs 100 % AEB/V9_T232_R2.txt,9-BZ7,CCRS,robot_channel_active,014278785bc346b4e98815bf894955a69e0544aaaee344e8e0a1383085349db0,,23.25,39.22,0.01,33.283,-2.01,4.86,-1.95,50.09,0.0,0.0,0.0,0.0,,,0,0,1,foot_compression,foot_compression
9-BZ7/7-C-IASI VRU 2024 (VUT)/19-CPFAO [O.6.1.8]/20-CPFAO-50  5kph AEB(night)/448-VUT 40 kph; CPFAO-50 (1)/V9_T448_R2.txt,9-BZ7,AEB,robot_channel_active,94a8d99d5c551f3f19633b2a0390e136a15376b16ed778168abc897c4127c772,,26.82,39.39,0.018,27.066,-2.58,2.13,-2.47,143.65,0.0,0.0,0.028,0.0,,,0,0,1,foot_compression,foot_compression
9-BZ7/7-C-IASI VRU 2024 (VUT)/19-CPFAO [O.6.1.8]/20-CPFAO-50  5kph AEB(night)/448-VUT 40 kph; CPFAO-50/V9_T448_R2.txt,9-BZ7,AEB,robot_channel_active,94a8d99d5c551f3f19633b2a0390e136a15376b16ed778168abc897c4127c772,,26.82,39.39,0.018,27.066,-2.58,2.13,-2.47,143.65,0.0,0.0,0.028,0.0,,,0,0,1,foot_compression,foot_compression
9-BZ7/7-C-IASI VRU 2024 (VUT)/19-CPFAO [O.6.1.8]/21-CPNA-25 5 kph AEB (Night)/460-VUT 60 kph; CPFAO-25 6.5 kph AEB (Night) (1)/V9_T460_R1.txt,9-BZ7,CPNA,robot_channel_active,7c74891f152eb2cafd904df522afe15cf779f0360ac9f82119a32166d2b97eda,,23.6,60.28,0.044,37.046,-1.6,2.97,-0.93,102.27,0.0,0.0,0.03,0.0,,,0,0,1,foot_compression,foot_compression
9-BZ7/7-C-IASI VRU 2024 (VUT)/19-CPFAO [O.6.1.8]/21-CPNA-25 5 kph AEB (Night)/460-VUT 60 kph; CPFAO-25 6.5 kph AEB (Night)/V9_T460_R1.txt,9-BZ7,CPNA,robot_channel_active,7c74891f152eb2cafd904df522afe15cf779f0360ac9f82119a32166d2b97eda,,23.6,60.28,0.044,37.046,-1.6,2.97,-0.93,102.27,0.0,0.0,0.03,0.0,,,0,0,1,foot_compression,foot_compression
9-BZ7/7-C-IASI VRU 2024 (VUT)/30-CSFA [O.6.2.6]/31-CSFA-50 20 kph AEB (Day)/502-VUT 20 kph; CSFA-50 20 kph AEB (Day) (1)/V9_T502_R2.txt,9-BZ7,AEB,robot_channel_active,8961e18e5b2fa3ce986fc7d04b02fcb15712bccc3b00ae7557295dd8f3951a78,,38.36,20.43,0.01,21.617,-3.59,3.72,-1.95,56.81,0.0,0.0,0.028,0.0,,,0,0,1,foot_compression,foot_compression
9-BZ7/7-C-IASI VRU 2024 (VUT)/30-CSFA [O.6.2.6]/31-CSFA-50 20 kph AEB (Day)/502-VUT 20 kph; CSFA-50 20 kph AEB (Day)/V9_T502_R2.txt,9-BZ7,AEB,robot_channel_active,8961e18e5b2fa3ce986fc7d04b02fcb15712bccc3b00ae7557295dd8f3951a78,,38.36,20.43,0.01,21.617,-3.59,3.72,-1.95,56.81,0.0,0.0,0.028,0.0,,,0,0,1,foot_compression,foot_compression
9-BZ7/8-C-NCAP VRU 2024 (VUT)/17-CPNCO [O.6.1.7]/18-CPNCO-25 5 kph AEB (Day)/616-VUT 60 kph; CPNCO-25 5 kph AEB (Day) (1)/V9_T616_R1.txt,9-BZ7,CPNCO,robot_channel_active,9ae23c97c22b57917804d5c78cde036ccff8b6d4e31cdefa9a783328913f2780,,19.04,60.58,0.0,36.945,-0.45,5.84,3.06,175.19,0.0,0.0,0.039,0.0,,,0,0,1,foot_compression,foot_compression
9-BZ7/8-C-NCAP VRU 2024 (VUT)/17-CPNCO [O.6.1.7]/18-CPNCO-25 5 kph AEB (Day)/616-VUT 60 kph; CPNCO-25 5 kph AEB (Day) (1)/V9_T616_R2.txt,9-BZ7,CPNCO,robot_channel_active,94f74fdece56749b5acce82f5a12563ce8ef68827e5018aa55a115a304394003,,18.93,60.5,0.0,25.528,-1.58,3.05,0.96,130.44,0.0,0.0,0.031,0.0,,,0,0,1,foot_compression,foot_compression
9-BZ7/8-C-NCAP VRU 2024 (VUT)/17-CPNCO [O.6.1.7]/18-CPNCO-25 5 kph AEB (Day)/616-VUT 60 kph; CPNCO-25 5 kph AEB (Day)/V9_T616_R1.txt,9-BZ7,CPNCO,robot_channel_active,9ae23c97c22b57917804d5c78cde036ccff8b6d4e31cdefa9a783328913f2780,,19.04,60.58,0.0,36.945,-0.45,5.84,3.06,175.19,0.0,0.0,0.039,0.0,,,0,0,1,foot_compression,foot_compression
9-BZ7/8-C-NCAP VRU 2024 (VUT)/17-CPNCO [O.6.1.7]/18-CPNCO-25 5 kph AEB (Day)/616-VUT 60 kph; CPNCO-25 5 kph AEB (Day)/V9_T616_R2.txt,9-BZ7,CPNCO,robot_channel_active,94f74fdece56749b5acce82f5a12563ce8ef68827e5018aa55a115a304394003,,18.93,60.5,0.0,25.528,-1.58,3.05,0.96,130.44,0.0,0.0,0.031,0.0,,,0,0,1,foot_compression,foot_compression
Guang_Qi_A66_data/2-C-NCAP VRU 2024 (VUT)/28-CBNAO [O.6.2.5]/29-CBNAO-50 15 kph AEB (Day)/140-VUT 60 kph; CBNAO-50 15 kph AEB (Day)/V3_T140_R1.txt,Guang_Qi_A66_data,AEB,robot_channel_active,b9820b5809c5529ed8d71b0246bd4041ea62af1dd862d8ded675e10cacfc1a76,,12.16,60.29,0.13,40.751,-0.34,0.73,-0.66,0.83,0.0,0.0,3.046,0.2633,2.21,,0,0,,aeb_pedal_dragged,robot_joined_mid_window
Guang_Qi_A66_data/2-C-NCAP VRU 2024 (VUT)/30-CSFAO [O.6.2.6]/31-CSFAO-50 20 kph AEB (Day)/143-VUT 60 kph; CSFAO-50 20 kph AEB (Day)/V3_T143_R1.txt,Guang_Qi_A66_data,AEB,robot_channel_active,484e3e16b03ea0208cbc7c0aeebd71058aa9e61009069151298327de469e922e,,12.32,60.38,0.072,45.27,-0.59,0.48,-0.66,1.09,0.0,0.0,3.938,0.2614,1.78,,0,0,,aeb_pedal_dragged,robot_joined_mid_window
Guang_Qi_A66_data/2-C-NCAP VRU 2024 (VUT)/32-CBLA [O.6.2.7]/33-CBLA-25 15 kph AEB (Day)/116-VUT 20 kph; CBLA-25 15 kph AEB (Day)/V3_T116_R1.txt,Guang_Qi_A66_data,CBLA,robot_channel_active,1fbf967126e2e0c9445dd0d467a9beb14c594b32b2d8db002bb93523080bab6a,,24.13,20.46,0.062,20.414,-0.46,0.24,-0.44,0.2,0.0,0.0,3.565,0.0067,2.98,,0,0,,aeb_pedal_dragged,robot_joined_mid_window
Guang_Qi_A66_data/2-C-NCAP VRU 2024 (VUT)/32-CBLA [O.6.2.7]/33-CBLA-25 15 kph AEB (Day)/119-VUT 40 kph; CBLA-25 15 kph AEB (Day)/V3_T119_R1.txt,Guang_Qi_A66_data,CBLA,robot_channel_active,7cbf635330774ff52116a3b36728daba3cdcff91b321bb519deebc08f53996b9,,27.53,40.46,0.017,26.327,-0.36,0.44,-0.36,0.4,0.0,0.0,2.43,0.1033,2.69,,0,0,,aeb_pedal_dragged,robot_joined_mid_window
