brand,scenario_acronym,condition_id,split,min_ttc_true,min_ttc_pred,baseline_pred
GAC_A66,CPLA,Guang_Qi_A66_data\2-C-NCAP VRU 2024 (VUT)\12-CPLA [O.6.1.6]\13-CPLA-25 5 kph AEB (Day)\41-VUT 20 kph; CPLA-25 5 kph AEB (Day),within_oof,0.446,0.759657393333149,0.693
GAC_A66,CPLA,Guang_Qi_A66_data\2-C-NCAP VRU 2024 (VUT)\12-CPLA [O.6.1.6]\13-CPLA-25 5 kph AEB (Day)\47-VUT 40 kph; CPLA-25 5 kph AEB (Day),within_oof,0.693,0.8197499429549282,0.689
GAC_A66,CPLA,Guang_Qi_A66_data\2-C-NCAP VRU 2024 (VUT)\12-CPLA [O.6.1.6]\14-CPLA-25 5 kph FCW (Day)\53-VUT 60 kph; CPLA-25 5 kph FCW (Day),within_oof,0.146,0.39378914462176684,0.689
GAC_A66,CPLA,Guang_Qi_A66_data\2-C-NCAP VRU 2024 (VUT)\12-CPLA [O.6.1.6]\14-CPLA-25 5 kph FCW (Day)\59-VUT 80 kph; CPLA-25 5 kph FCW (Day),within_oof,0.121,0.31122444519664394,0.693
GAC_A66,CPLA,Guang_Qi_A66_data\2-C-NCAP VRU 2024 (VUT)\12-CPLA [O.6.1.6]\14-CPLA-25 5 kph FCW (Day)\59-VUT 80 kph; CPLA-25 5 kph FCW (Day),within_oof,0.026,0.31122444519664394,0.693
GAC_A66,CPLA,Guang_Qi_A66_data\2-C-NCAP VRU 2024 (VUT)\12-CPLA [O.6.1.6]\15-CPLA-25 5 kph AEB (Night)\44-VUT 20 kph; CPLA-25 5 kph AEB (Night),within_oof,0.445,0.5937129258825994,0.632
GAC_A66,CPLA,Guang_Qi_A66_data\2-C-NCAP VRU 2024 (VUT)\12-CPLA [O.6.1.6]\15-CPLA-25 5 kph AEB (Night)\50-VUT 40 kph; CPLA-25 5 kph AEB (Night),within_oof,0.791,0.7469517429065813,0.691
GAC_A66,CPLA,Guang_Qi_A66_data\2-C-NCAP VRU 2024 (VUT)\12-CPLA [O.6.1.6]\16-CPLA-25 5 kph FCW (Night)\56-VUT 60 kph; CPLA-25 5 kph FCW (Night),within_oof,0.507,0.31693127046704705,0.693
GAC_A66,CPLA,Guang_Qi_A66_data\2-C-NCAP VRU 2024 (VUT)\12-CPLA [O.6.1.6]\16-CPLA-25 5 kph FCW (Night)\62-VUT 80 kph; CPLA-25 5 kph FCW (Night),within_oof,0.008,0.17289485157396683,0.689
GAC_A66,CPNCO,Guang_Qi_A66_data\2-C-NCAP VRU 2024 (VUT)\17-CPNCO [O.6.1.7]\18-CPNCO-25 5 kph AEB (Day)\65-VUT 20 kph; CPNCO-25 5 kph AEB (Day),within_oof,0.744,0.5728952703431524,0.689
GAC_A66,CPNCO,Guang_Qi_A66_data\2-C-NCAP VRU 2024 (VUT)\17-CPNCO [O.6.1.7]\18-CPNCO-25 5 kph AEB (Day)\74-VUT 40 kph; CPNCO-25 5 kph AEB (Day),within_oof,0.872,0.6260002946252183,0.632
GAC_A66,CPNCO,Guang_Qi_A66_data\2-C-NCAP VRU 2024 (VUT)\17-CPNCO [O.6.1.7]\18-CPNCO-25 5 kph AEB (Day)\83-VUT 60 kph; CPNCO-25 5 kph AEB (Day),within_oof,0.155,0.45119250337981687,0.691
GAC_A66,CPFAO,Guang_Qi_A66_data\2-C-NCAP VRU 2024 (VUT)\19-CPFAO [O.6.1.8]\20-CPFAO-25 6.5 kph AEB (Day)\68-VUT 20 kph; CPFAO-25 6.5 kph AEB (Day),within_oof,0.728,0.7804917183281919,0.693
GAC_A66,CPFAO,Guang_Qi_A66_data\2-C-NCAP VRU 2024 (VUT)\19-CPFAO [O.6.1.8]\20-CPFAO-25 6.5 kph AEB (Day)\77-VUT 40 kph; CPFAO-25 6.5 kph AEB (Day),within_oof,0.968,0.816210776345508,0.689
GAC_A66,CPFAO,Guang_Qi_A66_data\2-C-NCAP VRU 2024 (VUT)\19-CPFAO [O.6.1.8]\20-CPFAO-25 6.5 kph AEB (Day)\86-VUT 60 kph; CPFAO-25 6.5 kph AEB (Day),within_oof,0.849,0.2563424472146618,0.689
GAC_A66,CPFAO,Guang_Qi_A66_data\2-C-NCAP VRU 2024 (VUT)\19-CPFAO [O.6.1.8]\21-CPFAO-25 6.5 kph AEB (Night)\71-VUT 20 kph; CPFAO-25 6.5 kph AEB (Night),within_oof,0.567,0.6730393478045963,0.632
GAC_A66,CPFAO,Guang_Qi_A66_data\2-C-NCAP VRU 2024 (VUT)\19-CPFAO [O.6.1.8]\21-CPFAO-25 6.5 kph AEB (Night)\80-VUT 40 kph; CPFAO-25 6.5 kph AEB (Night),within_oof,0.865,0.8824627730609597,0.691
GAC_A66,CPFAO,Guang_Qi_A66_data\2-C-NCAP VRU 2024 (VUT)\19-CPFAO [O.6.1.8]\21-CPFAO-25 6.5 kph AEB (Night)\89-VUT 60 kph; CPFAO-25 6.5 kph AEB (Night),within_oof,0.872,0.38201599547742515,0.693
GAC_A66,CPTA,Guang_Qi_A66_data\2-C-NCAP VRU 2024 (VUT)\22-CPTA-LN [O.6.1.9]\23-CPTA-LN 5 kph AEB (Day)\92-VUT 10 kph; CPTA-LN 5 kph AEB (Day),within_oof,0.571,0.49201979193468837,0.689
GAC_A66,CPTA,Guang_Qi_A66_data\2-C-NCAP VRU 2024 (VUT)\22-CPTA-LN [O.6.1.9]\23-CPTA-LN 5 kph AEB (Day)\95-VUT 20 kph; CPTA-LN 5 kph AEB (Day),within_oof,0.632,0.6039985213305435,0.689
GAC_A66,CPTA,Guang_Qi_A66_data\2-C-NCAP VRU 2024 (VUT)\22-CPTA-LN [O.6.1.9]\23-CPTA-LN 5 kph AEB (Day)\98-VUT 30 kph; CPTA-LN 5 kph AEB (Day),within_oof,0.689,1.1235982616476714,0.632
GAC_A66,CPTA,Guang_Qi_A66_data\2-C-NCAP VRU 2024 (VUT)\24-CPTA-LF [O.6.1.10]\25-CPTA-LF 6.5 kph AEB (Day)\101-VUT 10 kph; CPTA-LF 6.5 kph AEB (Day),within_oof,0.54,0.3054350081279604,0.691
GAC_A66,CPTA,Guang_Qi_A66_data\2-C-NCAP VRU 2024 (VUT)\24-CPTA-LF [O.6.1.10]\25-CPTA-LF 6.5 kph AEB (Day)\104-VUT 20 kph; CPTA-LF 6.5 kph AEB (Day),within_oof,0.77,0.4217539150164066,0.693
GAC_A66,CPTA,Guang_Qi_A66_data\2-C-NCAP VRU 2024 (VUT)\24-CPTA-LF [O.6.1.10]\25-CPTA-LF 6.5 kph AEB (Day)\107-VUT 30 kph; CPTA-LF 6.5 kph AEB (Day),within_oof,0.723,0.5660918116512603,0.689
GAC_A66,CPTA,Guang_Qi_A66_data\2-C-NCAP VRU 2024 (VUT)\26-CPTA-RF [O.6.1.11]\27-CPTA-RF 6.5 kph AEB (Day)\110-VUT 10 kph; CPTA-RF 6.5 kph AEB (Day),within_oof,0.671,0.3674175627769852,0.689
GAC_A66,CPTA,Guang_Qi_A66_data\2-C-NCAP VRU 2024 (VUT)\26-CPTA-RF [O.6.1.11]\27-CPTA-RF 6.5 kph AEB (Day)\113-VUT 20 kph; CPTA-RF 6.5 kph AEB (Day),within_oof,0.017,0.637615665774052,0.689
GAC_A66,CPTA,Guang_Qi_A66_data\2-C-NCAP VRU 2024 (VUT)\26-CPTA-RF [O.6.1.11]\27-CPTA-RF 6.5 kph AEB (Day)\113-VUT 20 kph; CPTA-RF 6.5 kph AEB (Day),within_oof,0.617,0.5836895783243603,0.689
GAC_A66,CBNAO,Guang_Qi_A66_data\2-C-NCAP VRU 2024 (VUT)\28-CBNAO [O.6.2.5]\29-CBNAO-50 15 kph AEB (Day)\128-VUT 20 kph; CBNAO-50 15 kph AEB (Day),within_oof,0.783,0.7388720078355469,0.632
GAC_A66,CBNAO,Guang_Qi_A66_data\2-C-NCAP VRU 2024 (VUT)\28-CBNAO [O.6.2.5]\29-CBNAO-50 15 kph AEB (Day)\134-VUT 40 kph; CBNAO-50 15 kph AEB (Day),within_oof,0.868,0.6480452820582112,0.691
GAC_A66,CBNAO,Guang_Qi_A66_data\2-C-NCAP VRU 2024 (VUT)\28-CBNAO [O.6.2.5]\29-CBNAO-50 15 kph AEB (Day)\140-VUT 60 kph; CBNAO-50 15 kph AEB (Day),within_oof,0.005,0.37948228816487417,0.693
GAC_A66,CSFAO,Guang_Qi_A66_data\2-C-NCAP VRU 2024 (VUT)\30-CSFAO [O.6.2.6]\31-CSFAO-50 20 kph AEB (Day)\131-VUT 20 kph; CSFAO-50 20 kph AEB (Day),within_oof,0.661,0.29573901178087864,0.689
GAC_A66,CSFAO,Guang_Qi_A66_data\2-C-NCAP VRU 2024 (VUT)\30-CSFAO [O.6.2.6]\31-CSFAO-50 20 kph AEB (Day)\137-VUT 40 kph; CSFAO-50 20 kph AEB (Day),within_oof,0.822,0.9103284372756608,0.689
GAC_A66,CSFAO,Guang_Qi_A66_data\2-C-NCAP VRU 2024 (VUT)\30-CSFAO [O.6.2.6]\31-CSFAO-50 20 kph AEB (Day)\143-VUT 60 kph; CSFAO-50 20 kph AEB (Day),within_oof,0.007,0.2320721762686131,0.632
GAC_A66,CBLA,Guang_Qi_A66_data\2-C-NCAP VRU 2024 (VUT)\32-CBLA [O.6.2.7]\33-CBLA-25 15 kph AEB (Day)\116-VUT 20 kph; CBLA-25 15 kph AEB (Day),within_oof,1.096,0.45290022509861905,0.691
GAC_A66,CBLA,Guang_Qi_A66_data\2-C-NCAP VRU 2024 (VUT)\32-CBLA [O.6.2.7]\33-CBLA-25 15 kph AEB (Day)\119-VUT 40 kph; CBLA-25 15 kph AEB (Day),within_oof,0.714,0.9907873954728992,0.693
GAC_A66,CBLA,Guang_Qi_A66_data\2-C-NCAP VRU 2024 (VUT)\32-CBLA [O.6.2.7]\34-CBLA-25 15 kph FCW (Day)\122-VUT 60 kph; CBLA-25 15 kph FCW (Day),within_oof,0.034,0.6264299957450384,0.689
GAC_A66,CBLA,Guang_Qi_A66_data\2-C-NCAP VRU 2024 (VUT)\32-CBLA [O.6.2.7]\34-CBLA-25 15 kph FCW (Day)\125-VUT 80 kph; CBLA-25 15 kph FCW (Day),within_oof,0.007,0.07986430850513242,0.689
GAC_A66,CSTA,Guang_Qi_A66_data\2-C-NCAP VRU 2024 (VUT)\35-CSTA-LN [O.6.2.8]\36-CSTA-LN 20 kph AEB (Day)\146-VUT 10 kph; CSTA-LN 20 kph AEB (Day),within_oof,0.006,0.07626665831103492,0.689
GAC_A66,CSTA,Guang_Qi_A66_data\2-C-NCAP VRU 2024 (VUT)\35-CSTA-LN [O.6.2.8]\36-CSTA-LN 20 kph AEB (Day)\146-VUT 10 kph; CSTA-LN 20 kph AEB (Day),within_oof,1.519,0.22866079213104462,0.689
GAC_A66,CSTA,Guang_Qi_A66_data\2-C-NCAP VRU 2024 (VUT)\35-CSTA-LN [O.6.2.8]\36-CSTA-LN 20 kph AEB (Day)\146-VUT 10 kph; CSTA-LN 20 kph AEB (Day),within_oof,1.393,0.12100895714660329,0.689
GAC_A66,CSTA,Guang_Qi_A66_data\2-C-NCAP VRU 2024 (VUT)\35-CSTA-LN [O.6.2.8]\36-CSTA-LN 20 kph AEB (Day)\149-VUT 20 kph; CSTA-LN 20 kph AEB (Day),within_oof,0.0,0.12498529520001966,0.689
GAC_A66,CSTA,Guang_Qi_A66_data\2-C-NCAP VRU 2024 (VUT)\35-CSTA-LN [O.6.2.8]\36-CSTA-LN 20 kph AEB (Day)\149-VUT 20 kph; CSTA-LN 20 kph AEB (Day),within_oof,0.947,1.1082183271491732,0.689
GAC_A66,CSTA,Guang_Qi_A66_data\2-C-NCAP VRU 2024 (VUT)\35-CSTA-LN [O.6.2.8]\36-CSTA-LN 20 kph AEB (Day)\152-VUT 30 kph; CSTA-LN 20 kph AEB (Day),within_oof,0.001,0.895869816621695,0.689
GAC_A66,CSTA,Guang_Qi_A66_data\2-C-NCAP VRU 2024 (VUT)\35-CSTA-LN [O.6.2.8]\36-CSTA-LN 20 kph AEB (Day)\152-VUT 30 kph; CSTA-LN 20 kph AEB (Day),within_oof,0.004,0.895869816621695,0.689
GAC_A66,CSTA,Guang_Qi_A66_data\2-C-NCAP VRU 2024 (VUT)\35-CSTA-LN [O.6.2.8]\36-CSTA-LN 20 kph AEB (Day)\152-VUT 30 kph; CSTA-LN 20 kph AEB (Day),within_oof,0.778,0.36441109854292664,0.689
GAC_A66,CSTA,Guang_Qi_A66_data\2-C-NCAP VRU 2024 (VUT)\37-CSTA-RN [O.6.2.9]\38-CSTA-RN 20 kph AEB (Day)\155-VUT 10 kph; CSTA-RN 20 kph AEB (Day),within_oof,0.0,0.09839508723060007,0.632
GAC_A66,CSTA,Guang_Qi_A66_data\2-C-NCAP VRU 2024 (VUT)\37-CSTA-RN [O.6.2.9]\38-CSTA-RN 20 kph AEB (Day)\158-VUT 20 kph; CSTA-RN 20 kph AEB (Day),within_oof,0.009,0.11450507796474493,0.691
GAC_A66,SCP,Guang_Qi_A66_data\3-C-NCAP ADAS 2024 (VUT)\15-SCP [L.6.1.7]\16-AEB\17-Farside\18-GVT 20 kph\232-VUT 30 kph; CCScp Farside GVT 20 kph AEB,within_oof,0.721,0.44380299111877075,0.693
GAC_A66,SCP,Guang_Qi_A66_data\3-C-NCAP ADAS 2024 (VUT)\15-SCP [L.6.1.7]\16-AEB\17-Farside\19-GVT 30 kph\235-VUT 40 kph; CCScp Farside GVT 30 kph AEB,within_oof,0.007,0.8568836238191058,0.689
GAC_A66,SCP,Guang_Qi_A66_data\3-C-NCAP ADAS 2024 (VUT)\15-SCP [L.6.1.7]\23-FCW\24-Farside\25-GVT 40 kph\216-VUT 50 kph; CCScp Farside GVT 40 kph FCW,within_oof,0.005,0.7377462309875146,0.689
GAC_A66,SCP,Guang_Qi_A66_data\3-C-NCAP ADAS 2024 (VUT)\15-SCP [L.6.1.7]\23-FCW\24-Farside\26-GVT 50 kph\220-VUT 60 kph; CCScp Farside GVT 50 kph FCW,within_oof,3.0,0.12900961824454302,0.691
GAC_A66,SCP,Guang_Qi_A66_data\3-C-NCAP ADAS 2024 (VUT)\15-SCP [L.6.1.7]\23-FCW\24-Farside\26-GVT 50 kph\220-VUT 60 kph; CCScp Farside GVT 50 kph FCW,within_oof,0.009,0.12900961824454302,0.691
GAC_A66,SCPO,Guang_Qi_A66_data\3-C-NCAP ADAS 2024 (VUT)\30-SCPO [L.6.1.8]\31-FCW\35-Nearside\36-GVT 40 kph\252-VUT 50 kph; CCScpo Nearside GVT 40 kph FCW,within_oof,1.203,0.2777552810186029,0.632
GAC_A66,SCPO,Guang_Qi_A66_data\3-C-NCAP ADAS 2024 (VUT)\30-SCPO [L.6.1.8]\31-FCW\35-Nearside\37-GVT 50 kph\256-VUT 60 kph; CCScpo Nearside GVT 50 kph FCW,within_oof,0.605,0.12900961824454302,0.691
GAC_A66,CCFT,Guang_Qi_A66_data\3-C-NCAP ADAS 2024 (VUT)\38-CCFT [L.6.1.9]\39-AEB\40-Farside\41-GVT 20 kph\260-VUT 10 kph; CCFT 20 kph AEB,within_oof,0.345,0.2864182328302769,0.693
GAC_A66,CCFT,Guang_Qi_A66_data\3-C-NCAP ADAS 2024 (VUT)\38-CCFT [L.6.1.9]\39-AEB\40-Farside\41-GVT 20 kph\260-VUT 10 kph; CCFT 20 kph AEB,within_oof,0.909,0.6426449769276212,0.693
GAC_A66,CCFT,Guang_Qi_A66_data\3-C-NCAP ADAS 2024 (VUT)\38-CCFT [L.6.1.9]\39-AEB\40-Farside\42-GVT 40 kph\263-VUT 20 kph; CCFT 40 kph AEB,within_oof,0.165,0.35361894168927804,0.691
GAC_A66,CCFT,Guang_Qi_A66_data\3-C-NCAP ADAS 2024 (VUT)\38-CCFT [L.6.1.9]\39-AEB\40-Farside\42-GVT 40 kph\263-VUT 20 kph; CCFT 40 kph AEB,within_oof,0.503,0.652654615839866,0.691
GAC_A66,CCFT,Guang_Qi_A66_data\3-C-NCAP ADAS 2024 (VUT)\38-CCFT [L.6.1.9]\39-AEB\40-Farside\43-GVT 50 kph\266-VUT 30 kph; CCFT 50 kph AEB,within_oof,0.009,0.5253487694254881,0.693
GAC_A66,CCFT,Guang_Qi_A66_data\3-C-NCAP ADAS 2024 (VUT)\38-CCFT [L.6.1.9]\39-AEB\40-Farside\43-GVT 50 kph\266-VUT 30 kph; CCFT 50 kph AEB,within_oof,0.183,0.5370667520114561,0.693
GAC_A66,CCRs,Guang_Qi_A66_data\3-C-NCAP ADAS 2024 (VUT)\9-CCR [L.6.1]\10-AEB\11-CCRs\183-VUT 20 kph; CCRs -50 % AEB,within_oof,0.685,1.1600262620146462,0.693
GAC_A66,CCRs,Guang_Qi_A66_data\3-C-NCAP ADAS 2024 (VUT)\9-CCR [L.6.1]\10-AEB\11-CCRs\186-VUT 30 kph; CCRs 50 % AEB,within_oof,0.74,1.1663017694552107,0.689
GAC_A66,CCRs,Guang_Qi_A66_data\3-C-NCAP ADAS 2024 (VUT)\9-CCR [L.6.1]\10-AEB\11-CCRs\189-VUT 40 kph; CCRs -50 % AEB,within_oof,0.805,0.3347703892482526,0.689
GAC_A66,CCRs,Guang_Qi_A66_data\3-C-NCAP ADAS 2024 (VUT)\9-CCR [L.6.1]\12-FCW\13-CCRs\192-VUT 50 kph; CCRs 50 % FCW,within_oof,0.728,0.7679317425253103,0.632
GAC_A66,CCRs,Guang_Qi_A66_data\3-C-NCAP ADAS 2024 (VUT)\9-CCR [L.6.1]\12-FCW\13-CCRs\196-VUT 60 kph; CCRs -50 % FCW,within_oof,0.632,0.9556657982952327,0.691
GAC_A66,CCRs,Guang_Qi_A66_data\3-C-NCAP ADAS 2024 (VUT)\9-CCR [L.6.1]\12-FCW\13-CCRs\200-VUT 70 kph; CCRs 50 % FCW,within_oof,0.725,0.7448781471053008,0.689
GAC_A66,CCRs,Guang_Qi_A66_data\3-C-NCAP ADAS 2024 (VUT)\9-CCR [L.6.1]\12-FCW\13-CCRs\204-VUT 80 kph; CCRs -50 % FCW,within_oof,0.903,0.7135748583231242,0.632
GAC_A66,CCRs,Guang_Qi_A66_data\3-C-NCAP ADAS 2024 (VUT)\9-CCR [L.6.1]\12-FCW\13-CCRs\204-VUT 80 kph; CCRs -50 % FCW,within_oof,0.777,0.7135748583231242,0.632
GAC_A66,CCRs,Guang_Qi_A66_data\3-C-NCAP ADAS 2024 (VUT)\9-CCR [L.6.1]\12-FCW\13-CCRs\204-VUT 80 kph; CCRs -50 % FCW,within_oof,0.805,0.7135748583231242,0.632
GAC_A66,CCRs,Guang_Qi_A66_data\3-C-NCAP ADAS 2024 (VUT)\9-CCR [L.6.1]\12-FCW\13-CCRs\204-VUT 80 kph; CCRs -50 % FCW,within_oof,0.925,0.7135748583231242,0.632
GAC_A66,CCRs,Guang_Qi_A66_data\3-C-NCAP ADAS 2024 (VUT)\9-CCR [L.6.1]\12-FCW\13-CCRs\204-VUT 80 kph; CCRs -50 % FCW,within_oof,0.928,0.7135748583231242,0.632
GAC_A66,CCRs,Guang_Qi_A66_data\3-C-NCAP ADAS 2024 (VUT)\9-CCR [L.6.1]\12-FCW\13-CCRs\204-VUT 80 kph; CCRs -50 % FCW,within_oof,0.875,0.7135748583231242,0.632
GAC_A66,CCRH,Guang_Qi_A66_data\8-CCRH [L.6.1.6]\370-[Main] VUT 80 kph; CCRH VT 80kph FCW,within_oof,3.0,2.2224240999970104,0.689
GAC_A66,CCRH,Guang_Qi_A66_data\8-CCRH [L.6.1.6]\372-[Main] VUT 120 kph; CCRH VT 120 kph FCW,within_oof,3.0,2.0406043988585627,0.691
GAC_E8,CCFT,Guang_Qi_E8_data\10-L6.1.9-CCFT-VUT\185-L6.1.9-CCFT-VUT-10.5kph-for,within_oof,0.106,0.3651,0.14350000000000002
GAC_E8,SCP,Guang_Qi_E8_data\11-L6.1.7-SCP-VUT\205-L6.1.7-SCP-VUT-AEB-30.5kph-for,within_oof,0.121,0.40859999999999996,0.397
GAC_E8,CPTA,Guang_Qi_E8_data\5-O6.1.9-CPTA-LN&O6.1.10-LF&O6.1.11-RF-VUT\28-O6.1.11-CPTA-RF-VUT-10.5kph-for,within_oof,0.008,0.5016999999999999,0.6345000000000001
GAC_E8,CPTA,Guang_Qi_E8_data\5-O6.1.9-CPTA-LN&O6.1.10-LF&O6.1.11-RF-VUT\39-O6.1.9-CPTA-LN-VUT-10.5kph-for,within_oof,0.166,0.3905454545454544,0.121
GAC_E8,CCRs,Guang_Qi_E8_data\8-L6.1.5-CCRs-VUT\10-L6.1.5-CCRS-VUT-AEB\11-L6.1.5-CCRs-VUT-AEB\170-L6.1.5-CCRs-VUT-AEB-20kph-(-50%),within_oof,0.628,0.3325454545454545,0.121
GAC_E8,CCRs,Guang_Qi_E8_data\8-L6.1.5-CCRs-VUT\10-L6.1.5-CCRS-VUT-AEB\11-L6.1.5-CCRs-VUT-AEB\173-L6.1.5-CCRs-VUT-AEB-30kph-(+50%),within_oof,0.641,0.3651,0.14350000000000002
GAC_E8,CCRs,Guang_Qi_E8_data\8-L6.1.5-CCRs-VUT\10-L6.1.5-CCRS-VUT-AEB\11-L6.1.5-CCRs-VUT-AEB\176-L6.1.5-CCRs-VUT-AEB-40kph-(-50%),within_oof,0.715,0.3905454545454544,0.121
GAC_E8,CCRs,Guang_Qi_E8_data\8-L6.1.5-CCRs-VUT\5-L6.1.5-CCRS-VUT-FCW\7-L6.1.5-CCRs-VUT-FCW\155-L6.1.5-CCRs-VUT-FCW-50kph-(+50%),within_oof,0.891,0.3325454545454545,0.121
GAC_E8,CCRs,Guang_Qi_E8_data\8-L6.1.5-CCRs-VUT\5-L6.1.5-CCRS-VUT-FCW\7-L6.1.5-CCRs-VUT-FCW\159-L6.1.5-CCRs-VUT-FCW-60kph-(-50%),within_oof,0.779,0.3651,0.14350000000000002
GAC_E8,CCRs,Guang_Qi_E8_data\8-L6.1.5-CCRs-VUT\5-L6.1.5-CCRS-VUT-FCW\7-L6.1.5-CCRs-VUT-FCW\163-L6.1.5-CCRs-VUT-FCW-70kph-(+50%),within_oof,0.109,0.40859999999999996,0.397
GAC_E8,CCRs,Guang_Qi_E8_data\8-L6.1.5-CCRs-VUT\5-L6.1.5-CCRS-VUT-FCW\7-L6.1.5-CCRs-VUT-FCW\163-L6.1.5-CCRs-VUT-FCW-70kph-(+50%),within_oof,0.861,0.40859999999999996,0.397
GAC_E8,CCRs,Guang_Qi_E8_data\8-L6.1.5-CCRs-VUT\5-L6.1.5-CCRS-VUT-FCW\7-L6.1.5-CCRs-VUT-FCW\167-L6.1.5-CCRs-VUT-FCW-80kph-(-50%),within_oof,0.084,0.5016999999999999,0.6345000000000001
GAC_E8,CCRs,Guang_Qi_E8_data\8-L6.1.5-CCRs-VUT\5-L6.1.5-CCRS-VUT-FCW\7-L6.1.5-CCRs-VUT-FCW\167-L6.1.5-CCRs-VUT-FCW-80kph-(-50%),within_oof,0.068,0.5016999999999999,0.6345000000000001
GAC_S9,SCP,Guang_Qi_S9_data\2-C-NCAP ADAS 2024 (VUT)\15-SCP [L.6.1.7]\16-AEB\17-Farside\18-GVT 20 kph\76-VUT 30 kph; CCScp Farside GVT 20 kph AEB,within_oof,0.01,0.4706109275042238,0.606
GAC_S9,SCP,Guang_Qi_S9_data\2-C-NCAP ADAS 2024 (VUT)\15-SCP [L.6.1.7]\16-AEB\17-Farside\19-GVT 30 kph\79-VUT 40 kph; CCScp Farside GVT 30 kph AEB,within_oof,0.0,0.2942444416974434,0.606
GAC_S9,SCP,Guang_Qi_S9_data\2-C-NCAP ADAS 2024 (VUT)\15-SCP [L.6.1.7]\23-FCW\24-Farside\25-GVT 40 kph\60-VUT 50 kph; CCScp Farside GVT 40 kph FCW,within_oof,0.0,0.017668499455547798,0.624
GAC_S9,SCP,Guang_Qi_S9_data\2-C-NCAP ADAS 2024 (VUT)\15-SCP [L.6.1.7]\23-FCW\24-Farside\25-GVT 40 kph\60-VUT 50 kph; CCScp Farside GVT 40 kph FCW,within_oof,0.353,0.017668499455547798,0.624
GAC_S9,SCP,Guang_Qi_S9_data\2-C-NCAP ADAS 2024 (VUT)\15-SCP [L.6.1.7]\23-FCW\24-Farside\26-GVT 50 kph\64-VUT 60 kph; CCScp Farside GVT 50 kph FCW,within_oof,0.645,-0.02282210514829815,0.581
GAC_S9,SCP,Guang_Qi_S9_data\2-C-NCAP ADAS 2024 (VUT)\15-SCP [L.6.1.7]\23-FCW\24-Farside\26-GVT 50 kph\64-VUT 60 kph; CCScp Farside GVT 50 kph FCW,within_oof,0.003,0.1948544752558814,0.581
GAC_S9,SCP,Guang_Qi_S9_data\2-C-NCAP ADAS 2024 (VUT)\15-SCP [L.6.1.7]\23-FCW\24-Farside\26-GVT 50 kph\64-VUT 60 kph; CCScp Farside GVT 50 kph FCW,within_oof,0.0,0.1948544752558814,0.581
GAC_S9,SCPO,Guang_Qi_S9_data\2-C-NCAP ADAS 2024 (VUT)\30-SCPO [L.6.1.8]\31-FCW\35-Nearside\36-GVT 40 kph\96-VUT 50 kph; CCScpo Nearside GVT 40 kph FCW,within_oof,0.005,0.09639827431543244,0.581
GAC_S9,SCPO,Guang_Qi_S9_data\2-C-NCAP ADAS 2024 (VUT)\30-SCPO [L.6.1.8]\31-FCW\35-Nearside\37-GVT 50 kph\100-VUT 60 kph; CCScpo Nearside GVT 50 kph FCW,within_oof,0.093,0.5080011115432506,0.6275
GAC_S9,SCPO,Guang_Qi_S9_data\2-C-NCAP ADAS 2024 (VUT)\30-SCPO [L.6.1.8]\31-FCW\35-Nearside\37-GVT 50 kph\100-VUT 60 kph; CCScpo Nearside GVT 50 kph FCW,within_oof,0.06,0.5080011115432506,0.6275
GAC_S9,CCFT,Guang_Qi_S9_data\2-C-NCAP ADAS 2024 (VUT)\38-CCFT [L.6.1.9]\39-AEB\40-Farside\41-GVT 20 kph\104-VUT 10 kph; CCFT 20 kph AEB,within_oof,0.039,0.40754648611475586,0.624
GAC_S9,CCFT,Guang_Qi_S9_data\2-C-NCAP ADAS 2024 (VUT)\38-CCFT [L.6.1.9]\39-AEB\40-Farside\43-GVT 50 kph\110-VUT 30 kph; CCFT 50 kph AEB,within_oof,0.013,-0.48589707723940373,0.6275
GAC_S9,CCRs,Guang_Qi_S9_data\2-C-NCAP ADAS 2024 (VUT)\9-CCR [L.6.1]\10-AEB\11-CCRs\27-VUT 20 kph; CCRs -50 % AEB,within_oof,0.573,1.2924408593248495,0.606
GAC_S9,CCRs,Guang_Qi_S9_data\2-C-NCAP ADAS 2024 (VUT)\9-CCR [L.6.1]\10-AEB\11-CCRs\30-VUT 30 kph; CCRs 50 % AEB,within_oof,0.655,2.1809513602496224,0.606
GAC_S9,CCRs,Guang_Qi_S9_data\2-C-NCAP ADAS 2024 (VUT)\9-CCR [L.6.1]\12-FCW\13-CCRs\44-VUT 70 kph; CCRs 50 % FCW,within_oof,3.0,0.8880557494293568,0.581
GAC_S9,CCRs,Guang_Qi_S9_data\2-C-NCAP ADAS 2024 (VUT)\9-CCR [L.6.1]\12-FCW\13-CCRs\48-VUT 80 kph; CCRs -50 % FCW,within_oof,0.881,1.86287574595517,0.606
GAC_S9,CCRs,Guang_Qi_S9_data\2-C-NCAP ADAS 2024 (VUT)\9-CCR [L.6.1]\12-FCW\13-CCRs\48-VUT 80 kph; CCRs -50 % FCW,within_oof,1.159,1.86287574595517,0.606
GAC_S9,CPLA,Guang_Qi_S9_data\5-C-NCAP VRU 2024 (VUT)\12-CPLA [O.6.1.6]\13-CPLA-25 5 kph AEB (Day)\225-VUT 20 kph; CPLA-25 5 kph AEB (Day),within_oof,0.602,0.6469202900949734,0.624
GAC_S9,CPLA,Guang_Qi_S9_data\5-C-NCAP VRU 2024 (VUT)\12-CPLA [O.6.1.6]\13-CPLA-25 5 kph AEB (Day)\231-VUT 40 kph; CPLA-25 5 kph AEB (Day),within_oof,0.626,0.41616865400572206,0.6275
GAC_S9,CPLA,Guang_Qi_S9_data\5-C-NCAP VRU 2024 (VUT)\12-CPLA [O.6.1.6]\16-CPLA-25 5 kph FCW (Night)\240-VUT 60 kph; CPLA-25 5 kph FCW (Night),within_oof,0.426,0.9325981705886612,0.606
GAC_S9,CPLA,Guang_Qi_S9_data\5-C-NCAP VRU 2024 (VUT)\12-CPLA [O.6.1.6]\16-CPLA-25 5 kph FCW (Night)\246-VUT 80 kph; CPLA-25 5 kph FCW (Night),within_oof,0.462,0.7203967892799629,0.606
GAC_S9,CPNCO,Guang_Qi_S9_data\5-C-NCAP VRU 2024 (VUT)\17-CPNCO [O.6.1.7]\18-CPNCO-25 5 kph AEB (Day)\249-VUT 20 kph; CPNCO-25 5 kph AEB (Day),within_oof,0.668,0.6263905221554359,0.581
GAC_S9,CPNCO,Guang_Qi_S9_data\5-C-NCAP VRU 2024 (VUT)\17-CPNCO [O.6.1.7]\18-CPNCO-25 5 kph AEB (Day)\258-VUT 40 kph; CPNCO-25 5 kph AEB (Day),within_oof,0.454,0.7135654977016646,0.624
GAC_S9,CPNCO,Guang_Qi_S9_data\5-C-NCAP VRU 2024 (VUT)\17-CPNCO [O.6.1.7]\18-CPNCO-25 5 kph AEB (Day)\267-VUT 60 kph; CPNCO-25 5 kph AEB (Day),within_oof,0.919,0.7748082346827112,0.606
GAC_S9,CPNCO,Guang_Qi_S9_data\5-C-NCAP VRU 2024 (VUT)\17-CPNCO [O.6.1.7]\18-CPNCO-25 5 kph AEB (Day)\267-VUT 60 kph; CPNCO-25 5 kph AEB (Day),within_oof,1.036,0.7748082346827112,0.606
GAC_S9,CPFAO,Guang_Qi_S9_data\5-C-NCAP VRU 2024 (VUT)\19-CPFAO [O.6.1.8]\20-CPFAO-25 6.5 kph AEB (Day)\252-VUT 20 kph; CPFAO-25 6.5 kph AEB (Day),within_oof,0.606,0.7331694928113651,0.581
GAC_S9,CPFAO,Guang_Qi_S9_data\5-C-NCAP VRU 2024 (VUT)\19-CPFAO [O.6.1.8]\20-CPFAO-25 6.5 kph AEB (Day)\252-VUT 20 kph; CPFAO-25 6.5 kph AEB (Day),within_oof,0.731,0.7331694928113651,0.581
GAC_S9,CPFAO,Guang_Qi_S9_data\5-C-NCAP VRU 2024 (VUT)\19-CPFAO [O.6.1.8]\20-CPFAO-25 6.5 kph AEB (Day)\261-VUT 40 kph; CPFAO-25 6.5 kph AEB (Day),within_oof,0.441,0.7057962597504654,0.624
GAC_S9,CPFAO,Guang_Qi_S9_data\5-C-NCAP VRU 2024 (VUT)\19-CPFAO [O.6.1.8]\20-CPFAO-25 6.5 kph AEB (Day)\261-VUT 40 kph; CPFAO-25 6.5 kph AEB (Day),within_oof,0.725,0.7057962597504654,0.624
GAC_S9,CPFAO,Guang_Qi_S9_data\5-C-NCAP VRU 2024 (VUT)\19-CPFAO [O.6.1.8]\20-CPFAO-25 6.5 kph AEB (Day)\270-VUT 60 kph; CPFAO-25 6.5 kph AEB (Day),within_oof,0.776,1.0960294401256623,0.6275
GAC_S9,CPFAO,Guang_Qi_S9_data\5-C-NCAP VRU 2024 (VUT)\19-CPFAO [O.6.1.8]\21-CPFAO-25 6.5 kph AEB (Night)\255-VUT 20 kph; CPFAO-25 6.5 kph AEB (Night),within_oof,0.621,0.614711311713174,0.606
GAC_S9,CPFAO,Guang_Qi_S9_data\5-C-NCAP VRU 2024 (VUT)\19-CPFAO [O.6.1.8]\21-CPFAO-25 6.5 kph AEB (Night)\264-VUT 40 kph; CPFAO-25 6.5 kph AEB (Night),within_oof,0.624,0.4589968484547522,0.606
GAC_S9,CPFAO,Guang_Qi_S9_data\5-C-NCAP VRU 2024 (VUT)\19-CPFAO [O.6.1.8]\21-CPFAO-25 6.5 kph AEB (Night)\273-VUT 60 kph; CPFAO-25 6.5 kph AEB (Night),within_oof,0.939,0.5150564807407576,0.581
GAC_S9,CPTA,Guang_Qi_S9_data\5-C-NCAP VRU 2024 (VUT)\22-CPTA-LN [O.6.1.9]\23-CPTA-LN 5 kph AEB (Day)\276-VUT 10 kph; CPTA-LN 5 kph AEB (Day),within_oof,0.579,0.7505937551318838,0.624
GAC_S9,CPTA,Guang_Qi_S9_data\5-C-NCAP VRU 2024 (VUT)\22-CPTA-LN [O.6.1.9]\23-CPTA-LN 5 kph AEB (Day)\279-VUT 20 kph; CPTA-LN 5 kph AEB (Day),within_oof,0.594,0.5821158374802973,0.6275
GAC_S9,CPTA,Guang_Qi_S9_data\5-C-NCAP VRU 2024 (VUT)\22-CPTA-LN [O.6.1.9]\23-CPTA-LN 5 kph AEB (Day)\282-VUT 30 kph; CPTA-LN 5 kph AEB (Day),within_oof,0.768,0.9804848796329613,0.606
GAC_S9,CPTA,Guang_Qi_S9_data\5-C-NCAP VRU 2024 (VUT)\24-CPTA-LF [O.6.1.10]\25-CPTA-LF 6.5 kph AEB (Day)\285-VUT 10 kph; CPTA-LF 6.5 kph AEB (Day),within_oof,0.496,0.6550940359860931,0.606
GAC_S9,CPTA,Guang_Qi_S9_data\5-C-NCAP VRU 2024 (VUT)\24-CPTA-LF [O.6.1.10]\25-CPTA-LF 6.5 kph AEB (Day)\288-VUT 20 kph; CPTA-LF 6.5 kph AEB (Day),within_oof,0.631,0.7079219594261683,0.581
GAC_S9,CPTA,Guang_Qi_S9_data\5-C-NCAP VRU 2024 (VUT)\24-CPTA-LF [O.6.1.10]\25-CPTA-LF 6.5 kph AEB (Day)\291-VUT 30 kph; CPTA-LF 6.5 kph AEB (Day),within_oof,0.636,0.32863245298637567,0.624
GAC_S9,CPTA,Guang_Qi_S9_data\5-C-NCAP VRU 2024 (VUT)\24-CPTA-LF [O.6.1.10]\25-CPTA-LF 6.5 kph AEB (Day)\291-VUT 30 kph; CPTA-LF 6.5 kph AEB (Day),within_oof,0.714,0.35779618478923814,0.624
GAC_S9,CPTA,Guang_Qi_S9_data\5-C-NCAP VRU 2024 (VUT)\24-CPTA-LF [O.6.1.10]\25-CPTA-LF 6.5 kph AEB (Day)\291-VUT 30 kph; CPTA-LF 6.5 kph AEB (Day),within_oof,0.691,0.35779618478923814,0.624
GAC_S9,CPTA,Guang_Qi_S9_data\5-C-NCAP VRU 2024 (VUT)\26-CPTA-RF [O.6.1.11]\27-CPTA-RF 6.5 kph AEB (Day)\294-VUT 10 kph; CPTA-RF 6.5 kph AEB (Day),within_oof,0.707,0.7018280097224084,0.624
GAC_S9,CPTA,Guang_Qi_S9_data\5-C-NCAP VRU 2024 (VUT)\26-CPTA-RF [O.6.1.11]\27-CPTA-RF 6.5 kph AEB (Day)\297-VUT 20 kph; CPTA-RF 6.5 kph AEB (Day),within_oof,0.744,0.6052111254775858,0.6275
GAC_S9,CBNAO,Guang_Qi_S9_data\5-C-NCAP VRU 2024 (VUT)\28-CBNAO [O.6.2.5]\29-CBNAO-50 15 kph AEB (Day)\312-VUT 20 kph; CBNAO-50 15 kph AEB (Day),within_oof,0.98,0.9092200236356878,0.606
GAC_S9,CBNAO,Guang_Qi_S9_data\5-C-NCAP VRU 2024 (VUT)\28-CBNAO [O.6.2.5]\29-CBNAO-50 15 kph AEB (Day)\318-VUT 40 kph; CBNAO-50 15 kph AEB (Day),within_oof,0.833,0.5284232537837077,0.606
GAC_S9,CBNAO,Guang_Qi_S9_data\5-C-NCAP VRU 2024 (VUT)\28-CBNAO [O.6.2.5]\29-CBNAO-50 15 kph AEB (Day)\324-VUT 60 kph; CBNAO-50 15 kph AEB (Day),within_oof,0.581,1.58815982447341,0.6275
GAC_S9,CBNAO,Guang_Qi_S9_data\5-C-NCAP VRU 2024 (VUT)\28-CBNAO [O.6.2.5]\29-CBNAO-50 15 kph AEB (Day)\324-VUT 60 kph; CBNAO-50 15 kph AEB (Day),within_oof,0.503,1.58815982447341,0.6275
GAC_S9,CSFAO,Guang_Qi_S9_data\5-C-NCAP VRU 2024 (VUT)\30-CSFAO [O.6.2.6]\31-CSFAO-50 20 kph AEB (Day)\315-VUT 20 kph; CSFAO-50 20 kph AEB (Day),within_oof,0.916,0.6937693391443338,0.581
GAC_S9,CSFAO,Guang_Qi_S9_data\5-C-NCAP VRU 2024 (VUT)\30-CSFAO [O.6.2.6]\31-CSFAO-50 20 kph AEB (Day)\321-VUT 40 kph; CSFAO-50 20 kph AEB (Day),within_oof,0.547,0.5368122321774386,0.624
GAC_S9,CSFAO,Guang_Qi_S9_data\5-C-NCAP VRU 2024 (VUT)\30-CSFAO [O.6.2.6]\31-CSFAO-50 20 kph AEB (Day)\327-VUT 60 kph; CSFAO-50 20 kph AEB (Day),within_oof,0.088,1.58815982447341,0.6275
GAC_S9,CSTA,Guang_Qi_S9_data\5-C-NCAP VRU 2024 (VUT)\35-CSTA-LN [O.6.2.8]\36-CSTA-LN 20 kph AEB (Day)\330-VUT 10 kph; CSTA-LN 20 kph AEB (Day),within_oof,1.241,0.6208990486847714,0.606
GAC_S9,CSTA,Guang_Qi_S9_data\5-C-NCAP VRU 2024 (VUT)\35-CSTA-LN [O.6.2.8]\36-CSTA-LN 20 kph AEB (Day)\333-VUT 20 kph; CSTA-LN 20 kph AEB (Day),within_oof,0.01,0.7843842156949197,0.606
GAC_S9,CSTA,Guang_Qi_S9_data\5-C-NCAP VRU 2024 (VUT)\35-CSTA-LN [O.6.2.8]\36-CSTA-LN 20 kph AEB (Day)\333-VUT 20 kph; CSTA-LN 20 kph AEB (Day),within_oof,0.876,0.6208990486847714,0.606
GAC_S9,CSTA,Guang_Qi_S9_data\5-C-NCAP VRU 2024 (VUT)\35-CSTA-LN [O.6.2.8]\36-CSTA-LN 20 kph AEB (Day)\336-VUT 30 kph; CSTA-LN 20 kph AEB (Day),within_oof,0.001,0.39309187410594193,0.606
GAC_S9,CSTA,Guang_Qi_S9_data\5-C-NCAP VRU 2024 (VUT)\35-CSTA-LN [O.6.2.8]\36-CSTA-LN 20 kph AEB (Day)\336-VUT 30 kph; CSTA-LN 20 kph AEB (Day),within_oof,0.785,0.5913209931863547,0.606
GAC_S9,CSTA,Guang_Qi_S9_data\5-C-NCAP VRU 2024 (VUT)\37-CSTA-RN [O.6.2.9]\38-CSTA-RN 20 kph AEB (Day)\342-VUT 20 kph; CSTA-RN 20 kph AEB (Day),within_oof,1.342,0.44995879229411,0.606
GAC_S9,CCRH,Guang_Qi_S9_data\6-CCRH [L.6.1.6]\349-[Main] VUT 80 kph; CCRH VT 80kph FCW,within_oof,3.0,0.1001624403281921,0.581
GAC_S9,CCRH,Guang_Qi_S9_data\6-CCRH [L.6.1.6]\351-[Main] VUT 120 kph; CCRH VT 120 kph FCW,within_oof,3.0,0.1001624403281921,0.581
GAC_S9,CCFT,Guang_Qi_S9_data\9-L6.1.9-CCFT-VUT\366-L6.1.9-CCFT-VUT-10.5kph-for,within_oof,0.007,0.842514746745489,0.6275
GAC_S9,CCFT,Guang_Qi_S9_data\9-L6.1.9-CCFT-VUT\366-L6.1.9-CCFT-VUT-10.5kph-for,within_oof,0.9,0.12067833143133613,0.6275
GAC_S9,CCFT,Guang_Qi_S9_data\9-L6.1.9-CCFT-VUT\372-L6.1.9-CCFT-VUT-20.5kph-for,within_oof,0.029,0.21901610364714091,0.606
GAC_S9,CCFT,Guang_Qi_S9_data\9-L6.1.9-CCFT-VUT\372-L6.1.9-CCFT-VUT-20.5kph-for,within_oof,0.435,0.3790284337227402,0.606
GAC_S9,CCFT,Guang_Qi_S9_data\9-L6.1.9-CCFT-VUT\378-L6.1.9-CCFT-VUT-30.5kph-for,within_oof,0.018,0.2679342741813706,0.606
GAC_S9,CCFT,Guang_Qi_S9_data\9-L6.1.9-CCFT-VUT\378-L6.1.9-CCFT-VUT-30.5kph-for,within_oof,0.023,0.3057857464405272,0.606
XPENG_P7PLUS,CCRH,XPengP7+_data\12-CCRH [L.6.1.6]\1290-[Main] VUT 80 kph; CCRH VT 80kph FCW,within_oof,3.0,1.9198988699050907,0.562
XPENG_P7PLUS,CCRH,XPengP7+_data\12-CCRH [L.6.1.6]\1292-[Main] VUT 120 kph; CCRH VT 120 kph FCW,within_oof,3.0,2.0875039291592152,0.586
XPENG_P7PLUS,SCP,XPengP7+_data\2-C-NCAP ADAS 2024 (VUT)\15-SCP [L.6.1.7]\16-AEB\17-Farside\18-GVT 20 kph\76-VUT 30 kph; CCScp Farside GVT 20 kph AEB,within_oof,0.629,0.6937407191817255,0.586
XPENG_P7PLUS,SCP,XPengP7+_data\2-C-NCAP ADAS 2024 (VUT)\15-SCP [L.6.1.7]\16-AEB\17-Farside\19-GVT 30 kph\79-VUT 40 kph; CCScp Farside GVT 30 kph AEB,within_oof,0.273,0.11239120515787754,0.4165
XPENG_P7PLUS,SCP,XPengP7+_data\2-C-NCAP ADAS 2024 (VUT)\15-SCP [L.6.1.7]\23-FCW\24-Farside\25-GVT 40 kph\60-VUT 50 kph; CCScp Farside GVT 40 kph FCW,within_oof,0.005,0.23212459425272186,0.5740000000000001
XPENG_P7PLUS,SCP,XPengP7+_data\2-C-NCAP ADAS 2024 (VUT)\15-SCP [L.6.1.7]\23-FCW\24-Farside\26-GVT 50 kph\64-VUT 60 kph; CCScp Farside GVT 50 kph FCW,within_oof,0.07,0.30758151934039746,0.586
XPENG_P7PLUS,SCP,XPengP7+_data\2-C-NCAP ADAS 2024 (VUT)\15-SCP [L.6.1.7]\23-FCW\24-Farside\26-GVT 50 kph\64-VUT 60 kph; CCScp Farside GVT 50 kph FCW,within_oof,0.075,0.30758151934039746,0.586
XPENG_P7PLUS,SCP,XPengP7+_data\2-C-NCAP ADAS 2024 (VUT)\15-SCP [L.6.1.7]\23-FCW\24-Farside\26-GVT 50 kph\64-VUT 60 kph; CCScp Farside GVT 50 kph FCW,within_oof,0.007,0.30758151934039746,0.586
XPENG_P7PLUS,SCPO,XPengP7+_data\2-C-NCAP ADAS 2024 (VUT)\30-SCPO [L.6.1.8]\31-FCW\35-Nearside\36-GVT 40 kph\96-VUT 50 kph; CCScpo Nearside GVT 40 kph FCW,within_oof,0.104,0.23212459425272186,0.5740000000000001
XPENG_P7PLUS,SCPO,XPengP7+_data\2-C-NCAP ADAS 2024 (VUT)\30-SCPO [L.6.1.8]\31-FCW\35-Nearside\36-GVT 40 kph\96-VUT 50 kph; CCScpo Nearside GVT 40 kph FCW,within_oof,0.083,0.23212459425272186,0.5740000000000001
XPENG_P7PLUS,SCPO,XPengP7+_data\2-C-NCAP ADAS 2024 (VUT)\30-SCPO [L.6.1.8]\31-FCW\35-Nearside\36-GVT 40 kph\96-VUT 50 kph; CCScpo Nearside GVT 40 kph FCW,within_oof,0.074,0.23212459425272186,0.5740000000000001
XPENG_P7PLUS,SCPO,XPengP7+_data\2-C-NCAP ADAS 2024 (VUT)\30-SCPO [L.6.1.8]\31-FCW\35-Nearside\36-GVT 40 kph\96-VUT 50 kph; CCScpo Nearside GVT 40 kph FCW,within_oof,0.752,0.23212459425272186,0.5740000000000001
XPENG_P7PLUS,CCFT,XPengP7+_data\2-C-NCAP ADAS 2024 (VUT)\38-CCFT [L.6.1.9]\39-AEB\40-Farside\41-GVT 20 kph\104-VUT 10 kph; CCFT 20 kph AEB,within_oof,1.133,1.045430085765137,0.562
XPENG_P7PLUS,CCFT,XPengP7+_data\2-C-NCAP ADAS 2024 (VUT)\38-CCFT [L.6.1.9]\39-AEB\40-Farside\42-GVT 40 kph\107-VUT 20 kph; CCFT 40 kph AEB,within_oof,0.562,0.574070612153433,0.586
XPENG_P7PLUS,CCFT,XPengP7+_data\2-C-NCAP ADAS 2024 (VUT)\38-CCFT [L.6.1.9]\39-AEB\40-Farside\43-GVT 50 kph\110-VUT 30 kph; CCFT 50 kph AEB,within_oof,0.256,0.7289746315478475,0.586
XPENG_P7PLUS,CCRs,XPengP7+_data\2-C-NCAP ADAS 2024 (VUT)\9-CCR [L.6.1]\10-AEB\11-CCRs\27-VUT 20 kph; CCRs -50 % AEB,within_oof,0.654,1.5617020571278455,0.4165
XPENG_P7PLUS,CCRs,XPengP7+_data\2-C-NCAP ADAS 2024 (VUT)\9-CCR [L.6.1]\10-AEB\11-CCRs\30-VUT 30 kph; CCRs 50 % AEB,within_oof,0.435,0.8560165951186545,0.5740000000000001
XPENG_P7PLUS,CCRs,XPengP7+_data\2-C-NCAP ADAS 2024 (VUT)\9-CCR [L.6.1]\10-AEB\11-CCRs\33-VUT 40 kph; CCRs -50 % AEB,within_oof,0.118,0.5989902330015019,0.562
XPENG_P7PLUS,CCRs,XPengP7+_data\2-C-NCAP ADAS 2024 (VUT)\9-CCR [L.6.1]\12-FCW\13-CCRs\36-VUT 50 kph; CCRs 50 % FCW,within_oof,0.084,0.6604034201662858,0.562
XPENG_P7PLUS,CCRs,XPengP7+_data\2-C-NCAP ADAS 2024 (VUT)\9-CCR [L.6.1]\12-FCW\13-CCRs\36-VUT 50 kph; CCRs 50 % FCW,within_oof,0.089,0.6604034201662858,0.562
XPENG_P7PLUS,CCRs,XPengP7+_data\2-C-NCAP ADAS 2024 (VUT)\9-CCR [L.6.1]\12-FCW\13-CCRs\36-VUT 50 kph; CCRs 50 % FCW,within_oof,0.083,0.6604034201662858,0.562
XPENG_P7PLUS,CCRs,XPengP7+_data\2-C-NCAP ADAS 2024 (VUT)\9-CCR [L.6.1]\12-FCW\13-CCRs\36-VUT 50 kph; CCRs 50 % FCW,within_oof,0.079,0.6604034201662858,0.562
XPENG_P7PLUS,CCRs,XPengP7+_data\2-C-NCAP ADAS 2024 (VUT)\9-CCR [L.6.1]\12-FCW\13-CCRs\40-VUT 60 kph; CCRs -50 % FCW,within_oof,0.768,0.344574054739123,0.586
XPENG_P7PLUS,CCRs,XPengP7+_data\2-C-NCAP ADAS 2024 (VUT)\9-CCR [L.6.1]\12-FCW\13-CCRs\44-VUT 70 kph; CCRs 50 % FCW,within_oof,0.587,0.21307904300629035,0.586
XPENG_P7PLUS,CCRs,XPengP7+_data\2-C-NCAP ADAS 2024 (VUT)\9-CCR [L.6.1]\12-FCW\13-CCRs\48-VUT 80 kph; CCRs -50 % FCW,within_oof,0.622,0.27712918997167646,0.5740000000000001
XPENG_P7PLUS,CPTA,XPengP7+_data\9-C-NCAP VRU 2024 (VUT)\22-CPTA-LN [O.6.1.9]\23-CPTA-LN 5 kph AEB (Day)\1170-VUT 10 kph; CPTA-LN 5 kph AEB (Day),within_oof,0.747,0.16428680851095895,0.4165
XPENG_P7PLUS,CPTA,XPengP7+_data\9-C-NCAP VRU 2024 (VUT)\22-CPTA-LN [O.6.1.9]\23-CPTA-LN 5 kph AEB (Day)\1170-VUT 10 kph; CPTA-LN 5 kph AEB (Day),within_oof,0.228,0.16428680851095895,0.4165
XPENG_P7PLUS,CPTA,XPengP7+_data\9-C-NCAP VRU 2024 (VUT)\22-CPTA-LN [O.6.1.9]\23-CPTA-LN 5 kph AEB (Day)\1170-VUT 10 kph; CPTA-LN 5 kph AEB (Day),within_oof,0.679,0.16428680851095895,0.4165
XPENG_P7PLUS,CPTA,XPengP7+_data\9-C-NCAP VRU 2024 (VUT)\22-CPTA-LN [O.6.1.9]\23-CPTA-LN 5 kph AEB (Day)\1173-VUT 20 kph; CPTA-LN 5 kph AEB (Day),within_oof,0.006,0.5349199252484711,0.586
XPENG_P7PLUS,CPTA,XPengP7+_data\9-C-NCAP VRU 2024 (VUT)\22-CPTA-LN [O.6.1.9]\23-CPTA-LN 5 kph AEB (Day)\1173-VUT 20 kph; CPTA-LN 5 kph AEB (Day),within_oof,0.003,0.5349199252484711,0.586
XPENG_P7PLUS,CPTA,XPengP7+_data\9-C-NCAP VRU 2024 (VUT)\22-CPTA-LN [O.6.1.9]\23-CPTA-LN 5 kph AEB (Day)\1173-VUT 20 kph; CPTA-LN 5 kph AEB (Day),within_oof,0.004,0.5349199252484711,0.586
XPENG_P7PLUS,CPTA,XPengP7+_data\9-C-NCAP VRU 2024 (VUT)\22-CPTA-LN [O.6.1.9]\23-CPTA-LN 5 kph AEB (Day)\1173-VUT 20 kph; CPTA-LN 5 kph AEB (Day),within_oof,0.392,0.5349199252484711,0.586
XPENG_P7PLUS,CPTA,XPengP7+_data\9-C-NCAP VRU 2024 (VUT)\22-CPTA-LN [O.6.1.9]\23-CPTA-LN 5 kph AEB (Day)\1176-VUT 30 kph; CPTA-LN 5 kph AEB (Day),within_oof,0.586,0.4847298068858323,0.562
XPENG_P7PLUS,CPTA,XPengP7+_data\9-C-NCAP VRU 2024 (VUT)\24-CPTA-LF [O.6.1.10]\25-CPTA-LF 6.5 kph AEB (Day)\1179-VUT 10 kph; CPTA-LF 6.5 kph AEB (Day),within_oof,0.692,0.6990098065312468,0.4165
XPENG_P7PLUS,CPTA,XPengP7+_data\9-C-NCAP VRU 2024 (VUT)\24-CPTA-LF [O.6.1.10]\25-CPTA-LF 6.5 kph AEB (Day)\1179-VUT 10 kph; CPTA-LF 6.5 kph AEB (Day),within_oof,0.661,0.6990098065312468,0.4165
XPENG_P7PLUS,CPTA,XPengP7+_data\9-C-NCAP VRU 2024 (VUT)\24-CPTA-LF [O.6.1.10]\25-CPTA-LF 6.5 kph AEB (Day)\1182-VUT 20 kph; CPTA-LF 6.5 kph AEB (Day),within_oof,0.785,0.5948393066569485,0.5740000000000001
XPENG_P7PLUS,CPTA,XPengP7+_data\9-C-NCAP VRU 2024 (VUT)\24-CPTA-LF [O.6.1.10]\25-CPTA-LF 6.5 kph AEB (Day)\1182-VUT 20 kph; CPTA-LF 6.5 kph AEB (Day),within_oof,0.673,0.5948393066569485,0.5740000000000001
XPENG_P7PLUS,CPTA,XPengP7+_data\9-C-NCAP VRU 2024 (VUT)\24-CPTA-LF [O.6.1.10]\25-CPTA-LF 6.5 kph AEB (Day)\1185-VUT 30 kph; CPTA-LF 6.5 kph AEB (Day),within_oof,0.587,0.5477319144719696,0.562
XPENG_P7PLUS,CPTA,XPengP7+_data\9-C-NCAP VRU 2024 (VUT)\24-CPTA-LF [O.6.1.10]\25-CPTA-LF 6.5 kph AEB (Day)\1185-VUT 30 kph; CPTA-LF 6.5 kph AEB (Day),within_oof,0.586,0.5477319144719696,0.562
XPENG_P7PLUS,CPTA,XPengP7+_data\9-C-NCAP VRU 2024 (VUT)\26-CPTA-RF [O.6.1.11]\27-CPTA-RF 6.5 kph AEB (Day)\1188-VUT 10 kph; CPTA-RF 6.5 kph AEB (Day),within_oof,0.732,0.70132192931792,0.586
XPENG_P7PLUS,CPTA,XPengP7+_data\9-C-NCAP VRU 2024 (VUT)\26-CPTA-RF [O.6.1.11]\27-CPTA-RF 6.5 kph AEB (Day)\1188-VUT 10 kph; CPTA-RF 6.5 kph AEB (Day),within_oof,0.398,0.70132192931792,0.586
XPENG_P7PLUS,CPTA,XPengP7+_data\9-C-NCAP VRU 2024 (VUT)\26-CPTA-RF [O.6.1.11]\27-CPTA-RF 6.5 kph AEB (Day)\1191-VUT 20 kph; CPTA-RF 6.5 kph AEB (Day),within_oof,0.532,0.5490711986978215,0.586
XPENG_P7PLUS,CPTA,XPengP7+_data\9-C-NCAP VRU 2024 (VUT)\26-CPTA-RF [O.6.1.11]\27-CPTA-RF 6.5 kph AEB (Day)\1191-VUT 20 kph; CPTA-RF 6.5 kph AEB (Day),within_oof,0.31,0.5490711986978215,0.586
XPENG_P7PLUS,CSTA,XPengP7+_data\9-C-NCAP VRU 2024 (VUT)\35-CSTA-LN [O.6.2.8]\36-CSTA-LN 20 kph AEB (Day)\1224-VUT 10 kph; CSTA-LN 20 kph AEB (Day),within_oof,0.985,0.8131343220414369,0.586
XPENG_P7PLUS,CSTA,XPengP7+_data\9-C-NCAP VRU 2024 (VUT)\35-CSTA-LN [O.6.2.8]\36-CSTA-LN 20 kph AEB (Day)\1227-VUT 20 kph; CSTA-LN 20 kph AEB (Day),within_oof,0.757,0.24411663559791705,0.4165
XPENG_P7PLUS,CSTA,XPengP7+_data\9-C-NCAP VRU 2024 (VUT)\35-CSTA-LN [O.6.2.8]\36-CSTA-LN 20 kph AEB (Day)\1227-VUT 20 kph; CSTA-LN 20 kph AEB (Day),within_oof,0.956,0.24411663559791705,0.4165
XPENG_P7PLUS,CSTA,XPengP7+_data\9-C-NCAP VRU 2024 (VUT)\35-CSTA-LN [O.6.2.8]\36-CSTA-LN 20 kph AEB (Day)\1230-VUT 30 kph; CSTA-LN 20 kph AEB (Day),within_oof,0.922,0.7924951111020067,0.586
GAC_A66,CCRs,Guang_Qi_A66_data\3-C-NCAP ADAS 2024 (VUT)\9-CCR [L.6.1]\10-AEB\11-CCRs\183-VUT 20 kph; CCRs -50 % AEB,lobo,0.685,0.525925691650504,0.625
GAC_A66,CCRs,Guang_Qi_A66_data\3-C-NCAP ADAS 2024 (VUT)\9-CCR [L.6.1]\10-AEB\11-CCRs\186-VUT 30 kph; CCRs 50 % AEB,lobo,0.74,0.6878985300421169,0.625
GAC_A66,CCRs,Guang_Qi_A66_data\3-C-NCAP ADAS 2024 (VUT)\9-CCR [L.6.1]\10-AEB\11-CCRs\189-VUT 40 kph; CCRs -50 % AEB,lobo,0.805,0.525925691650504,0.625
GAC_A66,CCRs,Guang_Qi_A66_data\3-C-NCAP ADAS 2024 (VUT)\9-CCR [L.6.1]\12-FCW\13-CCRs\192-VUT 50 kph; CCRs 50 % FCW,lobo,0.728,0.5136049916802455,0.625
GAC_A66,CCRs,Guang_Qi_A66_data\3-C-NCAP ADAS 2024 (VUT)\9-CCR [L.6.1]\12-FCW\13-CCRs\196-VUT 60 kph; CCRs -50 % FCW,lobo,0.632,0.8252204477643207,0.625
GAC_A66,CCRs,Guang_Qi_A66_data\3-C-NCAP ADAS 2024 (VUT)\9-CCR [L.6.1]\12-FCW\13-CCRs\200-VUT 70 kph; CCRs 50 % FCW,lobo,0.725,0.9871932861559336,0.625
GAC_A66,CCRs,Guang_Qi_A66_data\3-C-NCAP ADAS 2024 (VUT)\9-CCR [L.6.1]\12-FCW\13-CCRs\204-VUT 80 kph; CCRs -50 % FCW,lobo,0.903,0.8252204477643207,0.625
GAC_A66,CCRs,Guang_Qi_A66_data\3-C-NCAP ADAS 2024 (VUT)\9-CCR [L.6.1]\12-FCW\13-CCRs\204-VUT 80 kph; CCRs -50 % FCW,lobo,0.777,0.8252204477643207,0.625
GAC_A66,CCRs,Guang_Qi_A66_data\3-C-NCAP ADAS 2024 (VUT)\9-CCR [L.6.1]\12-FCW\13-CCRs\204-VUT 80 kph; CCRs -50 % FCW,lobo,0.805,0.8252204477643207,0.625
GAC_A66,CCRs,Guang_Qi_A66_data\3-C-NCAP ADAS 2024 (VUT)\9-CCR [L.6.1]\12-FCW\13-CCRs\204-VUT 80 kph; CCRs -50 % FCW,lobo,0.925,0.8252204477643207,0.625
GAC_A66,CCRs,Guang_Qi_A66_data\3-C-NCAP ADAS 2024 (VUT)\9-CCR [L.6.1]\12-FCW\13-CCRs\204-VUT 80 kph; CCRs -50 % FCW,lobo,0.928,0.8252204477643207,0.625
GAC_A66,CCRs,Guang_Qi_A66_data\3-C-NCAP ADAS 2024 (VUT)\9-CCR [L.6.1]\12-FCW\13-CCRs\204-VUT 80 kph; CCRs -50 % FCW,lobo,0.875,0.8252204477643207,0.625
GAC_E8,CCRs,Guang_Qi_E8_data\8-L6.1.5-CCRs-VUT\10-L6.1.5-CCRS-VUT-AEB\11-L6.1.5-CCRs-VUT-AEB\170-L6.1.5-CCRs-VUT-AEB-20kph-(-50%),lobo,0.628,0.15531418724708373,0.725
GAC_E8,CCRs,Guang_Qi_E8_data\8-L6.1.5-CCRs-VUT\10-L6.1.5-CCRS-VUT-AEB\11-L6.1.5-CCRs-VUT-AEB\173-L6.1.5-CCRs-VUT-AEB-30kph-(+50%),lobo,0.641,0.32855597799490144,0.725
GAC_E8,CCRs,Guang_Qi_E8_data\8-L6.1.5-CCRs-VUT\10-L6.1.5-CCRS-VUT-AEB\11-L6.1.5-CCRs-VUT-AEB\176-L6.1.5-CCRs-VUT-AEB-40kph-(-50%),lobo,0.715,0.15531418724708373,0.725
GAC_E8,CCRs,Guang_Qi_E8_data\8-L6.1.5-CCRs-VUT\5-L6.1.5-CCRS-VUT-FCW\7-L6.1.5-CCRs-VUT-FCW\155-L6.1.5-CCRs-VUT-FCW-50kph-(+50%),lobo,0.891,0.2876118547671313,0.725
GAC_E8,CCRs,Guang_Qi_E8_data\8-L6.1.5-CCRs-VUT\5-L6.1.5-CCRS-VUT-FCW\7-L6.1.5-CCRs-VUT-FCW\159-L6.1.5-CCRs-VUT-FCW-60kph-(-50%),lobo,0.779,0.4834471178854468,0.725
GAC_E8,CCRs,Guang_Qi_E8_data\8-L6.1.5-CCRs-VUT\5-L6.1.5-CCRS-VUT-FCW\7-L6.1.5-CCRs-VUT-FCW\163-L6.1.5-CCRs-VUT-FCW-70kph-(+50%),lobo,0.109,0.8064226613984976,0.725
GAC_E8,CCRs,Guang_Qi_E8_data\8-L6.1.5-CCRs-VUT\5-L6.1.5-CCRS-VUT-FCW\7-L6.1.5-CCRs-VUT-FCW\163-L6.1.5-CCRs-VUT-FCW-70kph-(+50%),lobo,0.861,0.8064226613984976,0.725
GAC_E8,CCRs,Guang_Qi_E8_data\8-L6.1.5-CCRs-VUT\5-L6.1.5-CCRS-VUT-FCW\7-L6.1.5-CCRs-VUT-FCW\167-L6.1.5-CCRs-VUT-FCW-80kph-(-50%),lobo,0.084,0.6331808706506805,0.725
GAC_E8,CCRs,Guang_Qi_E8_data\8-L6.1.5-CCRs-VUT\5-L6.1.5-CCRS-VUT-FCW\7-L6.1.5-CCRs-VUT-FCW\167-L6.1.5-CCRs-VUT-FCW-80kph-(-50%),lobo,0.068,0.6331808706506805,0.725
GAC_S9,CCRs,Guang_Qi_S9_data\2-C-NCAP ADAS 2024 (VUT)\9-CCR [L.6.1]\10-AEB\11-CCRs\27-VUT 20 kph; CCRs -50 % AEB,lobo,0.573,0.8158776787007497,0.685
GAC_S9,CCRs,Guang_Qi_S9_data\2-C-NCAP ADAS 2024 (VUT)\9-CCR [L.6.1]\10-AEB\11-CCRs\30-VUT 30 kph; CCRs 50 % AEB,lobo,0.655,0.7343823687586903,0.685
GAC_S9,CCRs,Guang_Qi_S9_data\2-C-NCAP ADAS 2024 (VUT)\9-CCR [L.6.1]\12-FCW\13-CCRs\44-VUT 70 kph; CCRs 50 % FCW,lobo,3.0,0.7469543958244634,0.685
GAC_S9,CCRs,Guang_Qi_S9_data\2-C-NCAP ADAS 2024 (VUT)\9-CCR [L.6.1]\12-FCW\13-CCRs\48-VUT 80 kph; CCRs -50 % FCW,lobo,0.881,0.7587090522947976,0.685
GAC_S9,CCRs,Guang_Qi_S9_data\2-C-NCAP ADAS 2024 (VUT)\9-CCR [L.6.1]\12-FCW\13-CCRs\48-VUT 80 kph; CCRs -50 % FCW,lobo,1.159,0.7587090522947976,0.685
XPENG_P7PLUS,CCRs,XPengP7+_data\2-C-NCAP ADAS 2024 (VUT)\9-CCR [L.6.1]\10-AEB\11-CCRs\27-VUT 20 kph; CCRs -50 % AEB,lobo,0.654,0.7237497471221386,0.7585
XPENG_P7PLUS,CCRs,XPengP7+_data\2-C-NCAP ADAS 2024 (VUT)\9-CCR [L.6.1]\10-AEB\11-CCRs\30-VUT 30 kph; CCRs 50 % AEB,lobo,0.435,0.7237497471221386,0.7585
XPENG_P7PLUS,CCRs,XPengP7+_data\2-C-NCAP ADAS 2024 (VUT)\9-CCR [L.6.1]\10-AEB\11-CCRs\33-VUT 40 kph; CCRs -50 % AEB,lobo,0.118,0.7237497471221386,0.7585
XPENG_P7PLUS,CCRs,XPengP7+_data\2-C-NCAP ADAS 2024 (VUT)\9-CCR [L.6.1]\12-FCW\13-CCRs\36-VUT 50 kph; CCRs 50 % FCW,lobo,0.084,0.7237497471221386,0.7585
XPENG_P7PLUS,CCRs,XPengP7+_data\2-C-NCAP ADAS 2024 (VUT)\9-CCR [L.6.1]\12-FCW\13-CCRs\36-VUT 50 kph; CCRs 50 % FCW,lobo,0.089,0.7237497471221386,0.7585
XPENG_P7PLUS,CCRs,XPengP7+_data\2-C-NCAP ADAS 2024 (VUT)\9-CCR [L.6.1]\12-FCW\13-CCRs\36-VUT 50 kph; CCRs 50 % FCW,lobo,0.083,0.7237497471221386,0.7585
XPENG_P7PLUS,CCRs,XPengP7+_data\2-C-NCAP ADAS 2024 (VUT)\9-CCR [L.6.1]\12-FCW\13-CCRs\36-VUT 50 kph; CCRs 50 % FCW,lobo,0.079,0.7237497471221386,0.7585
XPENG_P7PLUS,CCRs,XPengP7+_data\2-C-NCAP ADAS 2024 (VUT)\9-CCR [L.6.1]\12-FCW\13-CCRs\40-VUT 60 kph; CCRs -50 % FCW,lobo,0.768,0.7237497471221386,0.7585
XPENG_P7PLUS,CCRs,XPengP7+_data\2-C-NCAP ADAS 2024 (VUT)\9-CCR [L.6.1]\12-FCW\13-CCRs\44-VUT 70 kph; CCRs 50 % FCW,lobo,0.587,0.863986212207262,0.7585
XPENG_P7PLUS,CCRs,XPengP7+_data\2-C-NCAP ADAS 2024 (VUT)\9-CCR [L.6.1]\12-FCW\13-CCRs\48-VUT 80 kph; CCRs -50 % FCW,lobo,0.622,0.7136176987471896,0.7585
GAC_A66,CPTA,Guang_Qi_A66_data\2-C-NCAP VRU 2024 (VUT)\22-CPTA-LN [O.6.1.9]\23-CPTA-LN 5 kph AEB (Day)\92-VUT 10 kph; CPTA-LN 5 kph AEB (Day),lobo,0.571,0.5536839679668971,0.5905
GAC_A66,CPTA,Guang_Qi_A66_data\2-C-NCAP VRU 2024 (VUT)\22-CPTA-LN [O.6.1.9]\23-CPTA-LN 5 kph AEB (Day)\95-VUT 20 kph; CPTA-LN 5 kph AEB (Day),lobo,0.632,0.39954704176253725,0.5905
GAC_A66,CPTA,Guang_Qi_A66_data\2-C-NCAP VRU 2024 (VUT)\22-CPTA-LN [O.6.1.9]\23-CPTA-LN 5 kph AEB (Day)\98-VUT 30 kph; CPTA-LN 5 kph AEB (Day),lobo,0.689,0.6362368530819789,0.5905
GAC_A66,CPTA,Guang_Qi_A66_data\2-C-NCAP VRU 2024 (VUT)\24-CPTA-LF [O.6.1.10]\25-CPTA-LF 6.5 kph AEB (Day)\101-VUT 10 kph; CPTA-LF 6.5 kph AEB (Day),lobo,0.54,0.6970462730831709,0.5905
GAC_A66,CPTA,Guang_Qi_A66_data\2-C-NCAP VRU 2024 (VUT)\24-CPTA-LF [O.6.1.10]\25-CPTA-LF 6.5 kph AEB (Day)\104-VUT 20 kph; CPTA-LF 6.5 kph AEB (Day),lobo,0.77,0.5429093468788113,0.5905
GAC_A66,CPTA,Guang_Qi_A66_data\2-C-NCAP VRU 2024 (VUT)\24-CPTA-LF [O.6.1.10]\25-CPTA-LF 6.5 kph AEB (Day)\107-VUT 30 kph; CPTA-LF 6.5 kph AEB (Day),lobo,0.723,0.7639548849686321,0.5905
GAC_A66,CPTA,Guang_Qi_A66_data\2-C-NCAP VRU 2024 (VUT)\26-CPTA-RF [O.6.1.11]\27-CPTA-RF 6.5 kph AEB (Day)\110-VUT 10 kph; CPTA-RF 6.5 kph AEB (Day),lobo,0.671,0.5694361396485836,0.5905
GAC_A66,CPTA,Guang_Qi_A66_data\2-C-NCAP VRU 2024 (VUT)\26-CPTA-RF [O.6.1.11]\27-CPTA-RF 6.5 kph AEB (Day)\113-VUT 20 kph; CPTA-RF 6.5 kph AEB (Day),lobo,0.017,0.4152992134442239,0.5905
GAC_A66,CPTA,Guang_Qi_A66_data\2-C-NCAP VRU 2024 (VUT)\26-CPTA-RF [O.6.1.11]\27-CPTA-RF 6.5 kph AEB (Day)\113-VUT 20 kph; CPTA-RF 6.5 kph AEB (Day),lobo,0.617,0.6363447515340448,0.5905
GAC_S9,CPTA,Guang_Qi_S9_data\5-C-NCAP VRU 2024 (VUT)\22-CPTA-LN [O.6.1.9]\23-CPTA-LN 5 kph AEB (Day)\276-VUT 10 kph; CPTA-LN 5 kph AEB (Day),lobo,0.579,0.5157672970862937,0.586
GAC_S9,CPTA,Guang_Qi_S9_data\5-C-NCAP VRU 2024 (VUT)\22-CPTA-LN [O.6.1.9]\23-CPTA-LN 5 kph AEB (Day)\279-VUT 20 kph; CPTA-LN 5 kph AEB (Day),lobo,0.594,0.39418448637238557,0.586
GAC_S9,CPTA,Guang_Qi_S9_data\5-C-NCAP VRU 2024 (VUT)\22-CPTA-LN [O.6.1.9]\23-CPTA-LN 5 kph AEB (Day)\282-VUT 30 kph; CPTA-LN 5 kph AEB (Day),lobo,0.768,0.39418448637238557,0.586
GAC_S9,CPTA,Guang_Qi_S9_data\5-C-NCAP VRU 2024 (VUT)\24-CPTA-LF [O.6.1.10]\25-CPTA-LF 6.5 kph AEB (Day)\285-VUT 10 kph; CPTA-LF 6.5 kph AEB (Day),lobo,0.496,0.6362211826116277,0.586
GAC_S9,CPTA,Guang_Qi_S9_data\5-C-NCAP VRU 2024 (VUT)\24-CPTA-LF [O.6.1.10]\25-CPTA-LF 6.5 kph AEB (Day)\288-VUT 20 kph; CPTA-LF 6.5 kph AEB (Day),lobo,0.631,0.5478588535550469,0.586
GAC_S9,CPTA,Guang_Qi_S9_data\5-C-NCAP VRU 2024 (VUT)\24-CPTA-LF [O.6.1.10]\25-CPTA-LF 6.5 kph AEB (Day)\291-VUT 30 kph; CPTA-LF 6.5 kph AEB (Day),lobo,0.636,0.5146383718977198,0.586
GAC_S9,CPTA,Guang_Qi_S9_data\5-C-NCAP VRU 2024 (VUT)\24-CPTA-LF [O.6.1.10]\25-CPTA-LF 6.5 kph AEB (Day)\291-VUT 30 kph; CPTA-LF 6.5 kph AEB (Day),lobo,0.714,0.5146383718977198,0.586
GAC_S9,CPTA,Guang_Qi_S9_data\5-C-NCAP VRU 2024 (VUT)\24-CPTA-LF [O.6.1.10]\25-CPTA-LF 6.5 kph AEB (Day)\291-VUT 30 kph; CPTA-LF 6.5 kph AEB (Day),lobo,0.691,0.5146383718977198,0.586
GAC_S9,CPTA,Guang_Qi_S9_data\5-C-NCAP VRU 2024 (VUT)\26-CPTA-RF [O.6.1.11]\27-CPTA-RF 6.5 kph AEB (Day)\294-VUT 10 kph; CPTA-RF 6.5 kph AEB (Day),lobo,0.707,0.6362211826116277,0.586
GAC_S9,CPTA,Guang_Qi_S9_data\5-C-NCAP VRU 2024 (VUT)\26-CPTA-RF [O.6.1.11]\27-CPTA-RF 6.5 kph AEB (Day)\297-VUT 20 kph; CPTA-RF 6.5 kph AEB (Day),lobo,0.744,0.5146383718977198,0.586
XPENG_P7PLUS,CPTA,XPengP7+_data\9-C-NCAP VRU 2024 (VUT)\22-CPTA-LN [O.6.1.9]\23-CPTA-LN 5 kph AEB (Day)\1170-VUT 10 kph; CPTA-LN 5 kph AEB (Day),lobo,0.747,0.38883696085188263,0.632
XPENG_P7PLUS,CPTA,XPengP7+_data\9-C-NCAP VRU 2024 (VUT)\22-CPTA-LN [O.6.1.9]\23-CPTA-LN 5 kph AEB (Day)\1170-VUT 10 kph; CPTA-LN 5 kph AEB (Day),lobo,0.228,0.38883696085188263,0.632
XPENG_P7PLUS,CPTA,XPengP7+_data\9-C-NCAP VRU 2024 (VUT)\22-CPTA-LN [O.6.1.9]\23-CPTA-LN 5 kph AEB (Day)\1170-VUT 10 kph; CPTA-LN 5 kph AEB (Day),lobo,0.679,0.38883696085188263,0.632
XPENG_P7PLUS,CPTA,XPengP7+_data\9-C-NCAP VRU 2024 (VUT)\22-CPTA-LN [O.6.1.9]\23-CPTA-LN 5 kph AEB (Day)\1173-VUT 20 kph; CPTA-LN 5 kph AEB (Day),lobo,0.006,0.6041449802588869,0.632
XPENG_P7PLUS,CPTA,XPengP7+_data\9-C-NCAP VRU 2024 (VUT)\22-CPTA-LN [O.6.1.9]\23-CPTA-LN 5 kph AEB (Day)\1173-VUT 20 kph; CPTA-LN 5 kph AEB (Day),lobo,0.003,0.6041449802588869,0.632
XPENG_P7PLUS,CPTA,XPengP7+_data\9-C-NCAP VRU 2024 (VUT)\22-CPTA-LN [O.6.1.9]\23-CPTA-LN 5 kph AEB (Day)\1173-VUT 20 kph; CPTA-LN 5 kph AEB (Day),lobo,0.004,0.6041449802588869,0.632
XPENG_P7PLUS,CPTA,XPengP7+_data\9-C-NCAP VRU 2024 (VUT)\22-CPTA-LN [O.6.1.9]\23-CPTA-LN 5 kph AEB (Day)\1173-VUT 20 kph; CPTA-LN 5 kph AEB (Day),lobo,0.392,0.6041449802588869,0.632
XPENG_P7PLUS,CPTA,XPengP7+_data\9-C-NCAP VRU 2024 (VUT)\22-CPTA-LN [O.6.1.9]\23-CPTA-LN 5 kph AEB (Day)\1176-VUT 30 kph; CPTA-LN 5 kph AEB (Day),lobo,0.586,0.6041449802588869,0.632
XPENG_P7PLUS,CPTA,XPengP7+_data\9-C-NCAP VRU 2024 (VUT)\24-CPTA-LF [O.6.1.10]\25-CPTA-LF 6.5 kph AEB (Day)\1179-VUT 10 kph; CPTA-LF 6.5 kph AEB (Day),lobo,0.692,0.38883696085188263,0.632
XPENG_P7PLUS,CPTA,XPengP7+_data\9-C-NCAP VRU 2024 (VUT)\24-CPTA-LF [O.6.1.10]\25-CPTA-LF 6.5 kph AEB (Day)\1179-VUT 10 kph; CPTA-LF 6.5 kph AEB (Day),lobo,0.661,0.38883696085188263,0.632
XPENG_P7PLUS,CPTA,XPengP7+_data\9-C-NCAP VRU 2024 (VUT)\24-CPTA-LF [O.6.1.10]\25-CPTA-LF 6.5 kph AEB (Day)\1182-VUT 20 kph; CPTA-LF 6.5 kph AEB (Day),lobo,0.785,0.38883696085188263,0.632
XPENG_P7PLUS,CPTA,XPengP7+_data\9-C-NCAP VRU 2024 (VUT)\24-CPTA-LF [O.6.1.10]\25-CPTA-LF 6.5 kph AEB (Day)\1182-VUT 20 kph; CPTA-LF 6.5 kph AEB (Day),lobo,0.673,0.38883696085188263,0.632
XPENG_P7PLUS,CPTA,XPengP7+_data\9-C-NCAP VRU 2024 (VUT)\24-CPTA-LF [O.6.1.10]\25-CPTA-LF 6.5 kph AEB (Day)\1185-VUT 30 kph; CPTA-LF 6.5 kph AEB (Day),lobo,0.587,0.6041449802588869,0.632
XPENG_P7PLUS,CPTA,XPengP7+_data\9-C-NCAP VRU 2024 (VUT)\24-CPTA-LF [O.6.1.10]\25-CPTA-LF 6.5 kph AEB (Day)\1185-VUT 30 kph; CPTA-LF 6.5 kph AEB (Day),lobo,0.586,0.6041449802588869,0.632
XPENG_P7PLUS,CPTA,XPengP7+_data\9-C-NCAP VRU 2024 (VUT)\26-CPTA-RF [O.6.1.11]\27-CPTA-RF 6.5 kph AEB (Day)\1188-VUT 10 kph; CPTA-RF 6.5 kph AEB (Day),lobo,0.732,0.38883696085188263,0.632
XPENG_P7PLUS,CPTA,XPengP7+_data\9-C-NCAP VRU 2024 (VUT)\26-CPTA-RF [O.6.1.11]\27-CPTA-RF 6.5 kph AEB (Day)\1188-VUT 10 kph; CPTA-RF 6.5 kph AEB (Day),lobo,0.398,0.38883696085188263,0.632
XPENG_P7PLUS,CPTA,XPengP7+_data\9-C-NCAP VRU 2024 (VUT)\26-CPTA-RF [O.6.1.11]\27-CPTA-RF 6.5 kph AEB (Day)\1191-VUT 20 kph; CPTA-RF 6.5 kph AEB (Day),lobo,0.532,0.6041449802588869,0.632
XPENG_P7PLUS,CPTA,XPengP7+_data\9-C-NCAP VRU 2024 (VUT)\26-CPTA-RF [O.6.1.11]\27-CPTA-RF 6.5 kph AEB (Day)\1191-VUT 20 kph; CPTA-RF 6.5 kph AEB (Day),lobo,0.31,0.6041449802588869,0.632
GAC_A66,CCFT,Guang_Qi_A66_data\3-C-NCAP ADAS 2024 (VUT)\38-CCFT [L.6.1.9]\39-AEB\40-Farside\41-GVT 20 kph\260-VUT 10 kph; CCFT 20 kph AEB,lobo,0.345,0.2934166666666667,0.0725
GAC_A66,CCFT,Guang_Qi_A66_data\3-C-NCAP ADAS 2024 (VUT)\38-CCFT [L.6.1.9]\39-AEB\40-Farside\41-GVT 20 kph\260-VUT 10 kph; CCFT 20 kph AEB,lobo,0.909,0.2934166666666667,0.0725
GAC_A66,CCFT,Guang_Qi_A66_data\3-C-NCAP ADAS 2024 (VUT)\38-CCFT [L.6.1.9]\39-AEB\40-Farside\42-GVT 40 kph\263-VUT 20 kph; CCFT 40 kph AEB,lobo,0.165,0.2934166666666667,0.0725
GAC_A66,CCFT,Guang_Qi_A66_data\3-C-NCAP ADAS 2024 (VUT)\38-CCFT [L.6.1.9]\39-AEB\40-Farside\42-GVT 40 kph\263-VUT 20 kph; CCFT 40 kph AEB,lobo,0.503,0.2934166666666667,0.0725
GAC_A66,CCFT,Guang_Qi_A66_data\3-C-NCAP ADAS 2024 (VUT)\38-CCFT [L.6.1.9]\39-AEB\40-Farside\43-GVT 50 kph\266-VUT 30 kph; CCFT 50 kph AEB,lobo,0.009,0.2934166666666667,0.0725
GAC_A66,CCFT,Guang_Qi_A66_data\3-C-NCAP ADAS 2024 (VUT)\38-CCFT [L.6.1.9]\39-AEB\40-Farside\43-GVT 50 kph\266-VUT 30 kph; CCFT 50 kph AEB,lobo,0.183,0.2934166666666667,0.0725
GAC_S9,CCFT,Guang_Qi_S9_data\2-C-NCAP ADAS 2024 (VUT)\38-CCFT [L.6.1.9]\39-AEB\40-Farside\41-GVT 20 kph\104-VUT 10 kph; CCFT 20 kph AEB,lobo,0.039,0.4171,0.3005
GAC_S9,CCFT,Guang_Qi_S9_data\2-C-NCAP ADAS 2024 (VUT)\38-CCFT [L.6.1.9]\39-AEB\40-Farside\43-GVT 50 kph\110-VUT 30 kph; CCFT 50 kph AEB,lobo,0.013,0.4171,0.3005
GAC_S9,CCFT,Guang_Qi_S9_data\9-L6.1.9-CCFT-VUT\366-L6.1.9-CCFT-VUT-10.5kph-for,lobo,0.007,0.4171,0.3005
GAC_S9,CCFT,Guang_Qi_S9_data\9-L6.1.9-CCFT-VUT\366-L6.1.9-CCFT-VUT-10.5kph-for,lobo,0.9,0.4171,0.3005
GAC_S9,CCFT,Guang_Qi_S9_data\9-L6.1.9-CCFT-VUT\372-L6.1.9-CCFT-VUT-20.5kph-for,lobo,0.029,0.4171,0.3005
GAC_S9,CCFT,Guang_Qi_S9_data\9-L6.1.9-CCFT-VUT\372-L6.1.9-CCFT-VUT-20.5kph-for,lobo,0.435,0.4171,0.3005
GAC_S9,CCFT,Guang_Qi_S9_data\9-L6.1.9-CCFT-VUT\378-L6.1.9-CCFT-VUT-30.5kph-for,lobo,0.018,0.4171,0.3005
GAC_S9,CCFT,Guang_Qi_S9_data\9-L6.1.9-CCFT-VUT\378-L6.1.9-CCFT-VUT-30.5kph-for,lobo,0.023,0.4171,0.3005
XPENG_P7PLUS,CCFT,XPengP7+_data\2-C-NCAP ADAS 2024 (VUT)\38-CCFT [L.6.1.9]\39-AEB\40-Farside\41-GVT 20 kph\104-VUT 10 kph; CCFT 20 kph AEB,lobo,1.133,0.2456,0.106
XPENG_P7PLUS,CCFT,XPengP7+_data\2-C-NCAP ADAS 2024 (VUT)\38-CCFT [L.6.1.9]\39-AEB\40-Farside\42-GVT 40 kph\107-VUT 20 kph; CCFT 40 kph AEB,lobo,0.562,0.2456,0.106
XPENG_P7PLUS,CCFT,XPengP7+_data\2-C-NCAP ADAS 2024 (VUT)\38-CCFT [L.6.1.9]\39-AEB\40-Farside\43-GVT 50 kph\110-VUT 30 kph; CCFT 50 kph AEB,lobo,0.256,0.2456,0.106
GAC_A66,CSTA,Guang_Qi_A66_data\2-C-NCAP VRU 2024 (VUT)\35-CSTA-LN [O.6.2.8]\36-CSTA-LN 20 kph AEB (Day)\146-VUT 10 kph; CSTA-LN 20 kph AEB (Day),lobo,0.006,0.7874999999999999,0.899
GAC_A66,CSTA,Guang_Qi_A66_data\2-C-NCAP VRU 2024 (VUT)\35-CSTA-LN [O.6.2.8]\36-CSTA-LN 20 kph AEB (Day)\146-VUT 10 kph; CSTA-LN 20 kph AEB (Day),lobo,1.519,0.7874999999999999,0.899
GAC_A66,CSTA,Guang_Qi_A66_data\2-C-NCAP VRU 2024 (VUT)\35-CSTA-LN [O.6.2.8]\36-CSTA-LN 20 kph AEB (Day)\146-VUT 10 kph; CSTA-LN 20 kph AEB (Day),lobo,1.393,0.7874999999999999,0.899
GAC_A66,CSTA,Guang_Qi_A66_data\2-C-NCAP VRU 2024 (VUT)\35-CSTA-LN [O.6.2.8]\36-CSTA-LN 20 kph AEB (Day)\149-VUT 20 kph; CSTA-LN 20 kph AEB (Day),lobo,0.0,0.7874999999999999,0.899
GAC_A66,CSTA,Guang_Qi_A66_data\2-C-NCAP VRU 2024 (VUT)\35-CSTA-LN [O.6.2.8]\36-CSTA-LN 20 kph AEB (Day)\149-VUT 20 kph; CSTA-LN 20 kph AEB (Day),lobo,0.947,0.7874999999999999,0.899
GAC_A66,CSTA,Guang_Qi_A66_data\2-C-NCAP VRU 2024 (VUT)\35-CSTA-LN [O.6.2.8]\36-CSTA-LN 20 kph AEB (Day)\152-VUT 30 kph; CSTA-LN 20 kph AEB (Day),lobo,0.001,0.7874999999999999,0.899
GAC_A66,CSTA,Guang_Qi_A66_data\2-C-NCAP VRU 2024 (VUT)\35-CSTA-LN [O.6.2.8]\36-CSTA-LN 20 kph AEB (Day)\152-VUT 30 kph; CSTA-LN 20 kph AEB (Day),lobo,0.004,0.7874999999999999,0.899
GAC_A66,CSTA,Guang_Qi_A66_data\2-C-NCAP VRU 2024 (VUT)\35-CSTA-LN [O.6.2.8]\36-CSTA-LN 20 kph AEB (Day)\152-VUT 30 kph; CSTA-LN 20 kph AEB (Day),lobo,0.778,0.7874999999999999,0.899
GAC_A66,CSTA,Guang_Qi_A66_data\2-C-NCAP VRU 2024 (VUT)\37-CSTA-RN [O.6.2.9]\38-CSTA-RN 20 kph AEB (Day)\155-VUT 10 kph; CSTA-RN 20 kph AEB (Day),lobo,0.0,0.7874999999999999,0.899
GAC_A66,CSTA,Guang_Qi_A66_data\2-C-NCAP VRU 2024 (VUT)\37-CSTA-RN [O.6.2.9]\38-CSTA-RN 20 kph AEB (Day)\158-VUT 20 kph; CSTA-RN 20 kph AEB (Day),lobo,0.009,0.7874999999999999,0.899
GAC_S9,CSTA,Guang_Qi_S9_data\5-C-NCAP VRU 2024 (VUT)\35-CSTA-LN [O.6.2.8]\36-CSTA-LN 20 kph AEB (Day)\330-VUT 10 kph; CSTA-LN 20 kph AEB (Day),lobo,1.241,0.5912142857142858,0.7675000000000001
GAC_S9,CSTA,Guang_Qi_S9_data\5-C-NCAP VRU 2024 (VUT)\35-CSTA-LN [O.6.2.8]\36-CSTA-LN 20 kph AEB (Day)\333-VUT 20 kph; CSTA-LN 20 kph AEB (Day),lobo,0.01,0.5912142857142858,0.7675000000000001
GAC_S9,CSTA,Guang_Qi_S9_data\5-C-NCAP VRU 2024 (VUT)\35-CSTA-LN [O.6.2.8]\36-CSTA-LN 20 kph AEB (Day)\333-VUT 20 kph; CSTA-LN 20 kph AEB (Day),lobo,0.876,0.5912142857142858,0.7675000000000001
GAC_S9,CSTA,Guang_Qi_S9_data\5-C-NCAP VRU 2024 (VUT)\35-CSTA-LN [O.6.2.8]\36-CSTA-LN 20 kph AEB (Day)\336-VUT 30 kph; CSTA-LN 20 kph AEB (Day),lobo,0.001,0.5912142857142858,0.7675000000000001
GAC_S9,CSTA,Guang_Qi_S9_data\5-C-NCAP VRU 2024 (VUT)\35-CSTA-LN [O.6.2.8]\36-CSTA-LN 20 kph AEB (Day)\336-VUT 30 kph; CSTA-LN 20 kph AEB (Day),lobo,0.785,0.5912142857142858,0.7675000000000001
GAC_S9,CSTA,Guang_Qi_S9_data\5-C-NCAP VRU 2024 (VUT)\37-CSTA-RN [O.6.2.9]\38-CSTA-RN 20 kph AEB (Day)\342-VUT 20 kph; CSTA-RN 20 kph AEB (Day),lobo,1.342,0.5912142857142858,0.7675000000000001
XPENG_P7PLUS,CSTA,XPengP7+_data\9-C-NCAP VRU 2024 (VUT)\35-CSTA-LN [O.6.2.8]\36-CSTA-LN 20 kph AEB (Day)\1224-VUT 10 kph; CSTA-LN 20 kph AEB (Day),lobo,0.985,0.5569999999999999,0.394
XPENG_P7PLUS,CSTA,XPengP7+_data\9-C-NCAP VRU 2024 (VUT)\35-CSTA-LN [O.6.2.8]\36-CSTA-LN 20 kph AEB (Day)\1227-VUT 20 kph; CSTA-LN 20 kph AEB (Day),lobo,0.757,0.5569999999999999,0.394
XPENG_P7PLUS,CSTA,XPengP7+_data\9-C-NCAP VRU 2024 (VUT)\35-CSTA-LN [O.6.2.8]\36-CSTA-LN 20 kph AEB (Day)\1227-VUT 20 kph; CSTA-LN 20 kph AEB (Day),lobo,0.956,0.5569999999999999,0.394
XPENG_P7PLUS,CSTA,XPengP7+_data\9-C-NCAP VRU 2024 (VUT)\35-CSTA-LN [O.6.2.8]\36-CSTA-LN 20 kph AEB (Day)\1230-VUT 30 kph; CSTA-LN 20 kph AEB (Day),lobo,0.922,0.5569999999999999,0.394
