uid,branch,fixed2_rate,optimistic_oracle2_rate,loo_oracle2_rate,optimistic_pair,loo_pair_consistency,head0_rate,head1_rate,head2_rate,head3_rate
training_seed73000_samplerv2::single::single-00002,single,1.0,1.0,1.0,0+1,1.0,0.0,1.0,0.0,1.0
training_seed73000_samplerv2::single::single-00003,single,0.0,0.0,0.0,0+1,1.0,0.0,0.0,0.0,0.0
training_seed73000_samplerv2::single::single-00004,single,0.0,0.0,0.0,0+1,1.0,0.0,0.0,0.0,0.0
training_seed73000_samplerv2::single::single-00006,single,1.0,1.0,1.0,0+1,1.0,0.0,1.0,0.0,1.0
training_seed73000_samplerv2::single::single-00007,single,1.0,1.0,1.0,0+1,1.0,1.0,1.0,0.0,1.0
training_seed73000_samplerv2::single::single-00009,single,0.0,0.6,0.6,0+2,1.0,0.0,0.0,0.6,0.0
training_seed73000_samplerv2::single::single-00011,single,0.0,0.2,0.0,0+2,0.8,0.0,0.0,0.2,0.0
training_seed73000_samplerv2::single::single-00013,single,0.0,0.0,0.0,0+1,1.0,0.0,0.0,0.0,0.0
training_seed73000_samplerv2::single::single-00015,single,0.0,1.0,1.0,0+2,1.0,0.0,0.0,1.0,0.0
training_seed73000_samplerv2::single::single-00016,single,1.0,1.0,1.0,0+1,1.0,1.0,1.0,0.0,1.0
training_seed73000_samplerv2::single::single-00017,single,1.0,1.0,1.0,0+1,1.0,1.0,1.0,0.0,1.0
training_seed73000_samplerv2::single::single-00019,single,0.0,1.0,1.0,0+2,1.0,0.0,0.0,1.0,0.0
training_seed73000_samplerv2::single::single-00020,single,0.0,0.2,0.0,0+2,0.8,0.0,0.0,0.2,0.0
training_seed73000_samplerv2::single::single-00021,single,0.0,0.0,0.0,0+1,1.0,0.0,0.0,0.0,0.0
training_seed73000_samplerv2::single::single-00022,single,0.0,0.0,0.0,0+1,1.0,0.0,0.0,0.0,0.0
training_seed73000_samplerv2::single::single-00023,single,1.0,1.0,1.0,0+1,1.0,0.0,1.0,0.0,0.0
training_seed73000_samplerv2::single::single-00024,single,1.0,1.0,1.0,0+1,1.0,0.0,1.0,0.0,1.0
training_seed73000_samplerv2::single::single-00027,single,1.0,1.0,1.0,0+1,1.0,1.0,1.0,0.0,1.0
training_seed73000_samplerv2::single::single-00028,single,0.0,0.0,0.0,0+1,1.0,0.0,0.0,0.0,0.0
training_seed73000_samplerv2::single::single-00029,single,0.0,0.0,0.0,0+1,1.0,0.0,0.0,0.0,0.0
training_seed73000_samplerv2::single::single-00031,single,0.0,0.0,0.0,0+1,1.0,0.0,0.0,0.0,0.0
training_seed73000_samplerv2::single::single-00034,single,0.0,0.2,0.0,0+2,0.8,0.0,0.0,0.2,0.0
training_seed73000_samplerv2::single::single-00035,single,0.0,0.0,0.0,0+1,1.0,0.0,0.0,0.0,0.0
training_seed73000_samplerv2::single::single-00036,single,1.0,1.0,1.0,0+1,1.0,0.0,1.0,0.0,0.0
training_seed73000_samplerv2::single::single-00038,single,0.0,0.0,0.0,0+1,1.0,0.0,0.0,0.0,0.0
training_seed73000_samplerv2::single::single-00040,single,0.0,0.0,0.0,0+1,1.0,0.0,0.0,0.0,0.0
training_seed73000_samplerv2::single::single-00041,single,1.0,1.0,1.0,0+1,1.0,0.4,1.0,0.0,1.0
training_seed73000_samplerv2::single::single-00042,single,0.0,0.0,0.0,0+1,1.0,0.0,0.0,0.0,0.0
training_seed73000_samplerv2::single::single-00044,single,1.0,1.0,1.0,0+1,1.0,0.0,1.0,0.0,0.6
training_seed73000_samplerv2::single::single-00046,single,0.0,0.0,0.0,0+1,1.0,0.0,0.0,0.0,0.0
training_seed73000_samplerv2::single::single-00047,single,1.0,1.0,1.0,0+1,1.0,0.0,1.0,0.0,0.0
training_seed73000_samplerv2::single::single-00048,single,0.0,0.0,0.0,0+1,1.0,0.0,0.0,0.0,0.0
training_seed73000_samplerv2::single::single-00051,single,0.0,0.0,0.0,0+1,1.0,0.0,0.0,0.0,0.0
training_seed73000_samplerv2::single::single-00052,single,0.0,0.0,0.0,0+1,1.0,0.0,0.0,0.0,0.0
training_seed73000_samplerv2::single::single-00053,single,0.0,0.0,0.0,0+1,1.0,0.0,0.0,0.0,0.0
training_seed73000_samplerv2::single::single-00054,single,0.0,0.8,0.8,0+2,1.0,0.0,0.0,0.8,0.0
training_seed73000_samplerv2::single::single-00056,single,0.0,0.0,0.0,0+1,1.0,0.0,0.0,0.0,0.0
training_seed73000_samplerv2::single::single-00058,single,0.0,0.0,0.0,0+1,1.0,0.0,0.0,0.0,0.0
training_seed73000_samplerv2::single::single-00061,single,0.0,0.0,0.0,0+1,1.0,0.0,0.0,0.0,0.0
training_seed73000_samplerv2::single::single-00062,single,1.0,1.0,1.0,0+1,1.0,0.0,1.0,0.0,0.2
training_seed73000_samplerv2::single::single-00063,single,0.0,0.0,0.0,0+1,1.0,0.0,0.0,0.0,0.0
training_seed73000_samplerv2::single::single-00064,single,0.0,0.0,0.0,0+1,1.0,0.0,0.0,0.0,0.0
training_seed73000_samplerv2::single::single-00065,single,0.0,0.8,0.8,0+2,1.0,0.0,0.0,0.8,0.0
training_seed73000_samplerv2::single::single-00068,single,0.0,0.0,0.0,0+1,1.0,0.0,0.0,0.0,0.0
training_seed73000_samplerv2::single::single-00070,single,0.0,0.0,0.0,0+1,1.0,0.0,0.0,0.0,0.0
training_seed73000_samplerv2::single::single-00071,single,0.0,0.0,0.0,0+1,1.0,0.0,0.0,0.0,0.0
training_seed73000_samplerv2::single::single-00072,single,0.0,0.0,0.0,0+1,1.0,0.0,0.0,0.0,0.0
training_seed73000_samplerv2::single::single-00073,single,0.0,0.0,0.0,0+1,1.0,0.0,0.0,0.0,0.0
training_seed73000_samplerv2::single::single-00074,single,0.0,0.8,0.8,0+2,1.0,0.0,0.0,0.8,0.0
training_seed73000_samplerv2::single::single-00075,single,0.0,0.2,0.0,0+2,0.8,0.0,0.0,0.2,0.0
training_seed73000_samplerv2::single::single-00076,single,0.0,0.0,0.0,0+1,1.0,0.0,0.0,0.0,0.0
training_seed73000_samplerv2::single::single-00078,single,0.0,0.0,0.0,0+1,1.0,0.0,0.0,0.0,0.0
training_seed73000_samplerv2::single::single-00080,single,0.0,0.0,0.0,0+1,1.0,0.0,0.0,0.0,0.0
training_seed73000_samplerv2::single::single-00081,single,0.0,0.0,0.0,0+1,1.0,0.0,0.0,0.0,0.0
training_seed73000_samplerv2::single::single-00082,single,1.0,1.0,1.0,0+1,1.0,0.0,1.0,0.0,0.0
training_seed73000_samplerv2::single::single-00083,single,1.0,1.0,1.0,0+1,1.0,0.2,1.0,0.0,1.0
training_seed73000_samplerv2::single::single-00084,single,0.0,0.0,0.0,0+1,1.0,0.0,0.0,0.0,0.0
training_seed73000_samplerv2::single::single-00085,single,0.0,0.0,0.0,0+1,1.0,0.0,0.0,0.0,0.0
training_seed73000_samplerv2::single::single-00087,single,0.0,0.0,0.0,0+1,1.0,0.0,0.0,0.0,0.0
training_seed73000_samplerv2::single::single-00088,single,0.0,0.0,0.0,0+1,1.0,0.0,0.0,0.0,0.0
training_seed73000_samplerv2::single::single-00091,single,0.2,0.2,0.2,0+1,1.0,0.0,0.2,0.0,0.0
training_seed73000_samplerv2::single::single-00092,single,0.0,0.6,0.6,0+2,1.0,0.0,0.0,0.6,0.0
training_seed73000_samplerv2::single::single-00094,single,1.0,1.0,1.0,0+1,1.0,1.0,0.0,0.0,1.0
training_seed73000_samplerv2::single::single-00095,single,0.0,0.0,0.0,0+1,1.0,0.0,0.0,0.0,0.0
training_seed73000_samplerv2::single::single-00096,single,0.0,0.0,0.0,0+1,1.0,0.0,0.0,0.0,0.0
training_seed73000_samplerv2::single::single-00098,single,0.0,0.0,0.0,0+1,1.0,0.0,0.0,0.0,0.0
training_seed73000_samplerv2::single::single-00100,single,1.0,1.0,1.0,0+1,1.0,0.6,1.0,0.0,1.0
training_seed73000_samplerv2::single::single-00103,single,1.0,1.0,1.0,0+1,1.0,0.2,1.0,0.0,1.0
training_seed73000_samplerv2::single::single-00104,single,1.0,1.0,1.0,0+1,1.0,0.4,1.0,0.0,1.0
training_seed73000_samplerv2::single::single-00105,single,0.0,0.0,0.0,0+1,1.0,0.0,0.0,0.0,0.0
training_seed73000_samplerv2::single::single-00108,single,0.0,0.0,0.0,0+1,1.0,0.0,0.0,0.0,0.0
training_seed73000_samplerv2::single::single-00109,single,0.0,0.0,0.0,0+1,1.0,0.0,0.0,0.0,0.0
training_seed73000_samplerv2::single::single-00110,single,0.0,0.0,0.0,0+1,1.0,0.0,0.0,0.0,0.0
training_seed73000_samplerv2::single::single-00111,single,1.0,1.0,1.0,0+1,1.0,0.0,1.0,0.0,0.4
training_seed73000_samplerv2::single::single-00112,single,0.0,0.0,0.0,0+1,1.0,0.0,0.0,0.0,0.0
training_seed73000_samplerv2::single::single-00113,single,0.0,0.2,0.0,0+2,0.8,0.0,0.0,0.2,0.0
training_seed73000_samplerv2::single::single-00114,single,0.0,1.0,1.0,0+2,1.0,0.0,0.0,1.0,0.0
training_seed73000_samplerv2::single::single-00117,single,1.0,1.0,1.0,0+1,1.0,0.6,1.0,0.0,1.0
training_seed73000_samplerv2::single::single-00120,single,0.0,0.0,0.0,0+1,1.0,0.0,0.0,0.0,0.0
training_seed73000_samplerv2::single::single-00121,single,1.0,1.0,1.0,0+1,1.0,0.0,1.0,0.0,0.2
training_seed73000_samplerv2::single::single-00123,single,1.0,1.0,1.0,0+1,1.0,0.0,1.0,0.0,0.0
training_seed73000_samplerv2::single::single-00126,single,0.0,0.0,0.0,0+1,1.0,0.0,0.0,0.0,0.0
training_seed73000_samplerv2::single::single-00128,single,0.4,0.4,0.4,0+1,1.0,0.0,0.4,0.0,0.0
training_seed73000_samplerv2::single::single-00130,single,0.0,0.0,0.0,0+1,1.0,0.0,0.0,0.0,0.0
training_seed73000_samplerv2::single::single-00132,single,0.0,0.8,0.8,0+2,1.0,0.0,0.0,0.8,0.0
training_seed73000_samplerv2::single::single-00133,single,1.0,1.0,1.0,0+1,1.0,1.0,1.0,0.0,1.0
training_seed73000_samplerv2::single::single-00134,single,0.0,0.2,0.0,0+2,0.8,0.0,0.0,0.2,0.0
training_seed73000_samplerv2::single::single-00136,single,0.0,1.0,1.0,0+2,1.0,0.0,0.0,1.0,0.0
training_seed73000_samplerv2::single::single-00137,single,1.0,1.0,1.0,0+1,1.0,1.0,1.0,0.0,1.0
training_seed73000_samplerv2::single::single-00139,single,0.0,0.0,0.0,0+1,1.0,0.0,0.0,0.0,0.0
training_seed73000_samplerv2::single::single-00140,single,1.0,1.0,1.0,0+1,1.0,0.0,1.0,0.0,1.0
training_seed73000_samplerv2::single::single-00141,single,0.0,0.0,0.0,0+1,1.0,0.0,0.0,0.0,0.0
training_seed73000_samplerv2::single::single-00142,single,0.0,0.0,0.0,0+1,1.0,0.0,0.0,0.0,0.0
training_seed73000_samplerv2::single::single-00144,single,0.0,0.0,0.0,0+1,1.0,0.0,0.0,0.0,0.0
training_seed73000_samplerv2::single::single-00146,single,1.0,1.0,1.0,0+1,1.0,0.0,1.0,0.0,0.0
training_seed73000_samplerv2::single::single-00148,single,0.0,0.0,0.0,0+1,1.0,0.0,0.0,0.0,0.0
training_seed73000_samplerv2::single::single-00150,single,1.0,1.0,1.0,0+1,1.0,1.0,1.0,0.0,1.0
training_seed73000_samplerv2::single::single-00151,single,1.0,1.0,1.0,0+1,1.0,0.0,1.0,0.0,0.2
training_seed73000_samplerv2::single::single-00153,single,0.0,0.0,0.0,0+1,1.0,0.0,0.0,0.0,0.0
training_seed73000_samplerv2::single::single-00154,single,1.0,1.0,1.0,0+1,1.0,1.0,1.0,0.0,1.0
training_seed73000_samplerv2::single::single-00156,single,1.0,1.0,1.0,0+1,1.0,0.0,1.0,0.0,0.2
training_seed73000_samplerv2::single::single-00157,single,0.8,0.8,0.8,0+1,1.0,0.0,0.8,0.0,0.0
training_seed73000_samplerv2::single::single-00158,single,1.0,1.0,1.0,0+1,1.0,1.0,1.0,0.0,1.0
training_seed73000_samplerv2::dual::dual-00000,dual,0.0,0.0,0.0,0+1,1.0,0.0,0.0,0.0,0.0
training_seed73000_samplerv2::dual::dual-00004,dual,0.0,0.0,0.0,0+1,1.0,0.0,0.0,0.0,0.0
training_seed73000_samplerv2::dual::dual-00005,dual,0.0,0.0,0.0,0+1,1.0,0.0,0.0,0.0,0.0
training_seed73000_samplerv2::dual::dual-00007,dual,0.0,0.0,0.0,0+1,1.0,0.0,0.0,0.0,0.0
training_seed73000_samplerv2::dual::dual-00008,dual,0.2,0.8,0.8,0+2,1.0,0.2,0.0,0.8,0.2
training_seed73000_samplerv2::dual::dual-00009,dual,1.0,1.0,1.0,0+1,1.0,1.0,1.0,0.0,1.0
training_seed73000_samplerv2::dual::dual-00010,dual,0.0,0.0,0.0,0+1,1.0,0.0,0.0,0.0,0.0
training_seed73000_samplerv2::dual::dual-00012,dual,0.0,0.0,0.0,0+1,1.0,0.0,0.0,0.0,0.0
training_seed73000_samplerv2::dual::dual-00013,dual,0.0,0.0,0.0,0+1,1.0,0.0,0.0,0.0,0.0
training_seed73000_samplerv2::dual::dual-00014,dual,0.0,0.0,0.0,0+1,1.0,0.0,0.0,0.0,0.0
training_seed73000_samplerv2::dual::dual-00015,dual,0.0,0.0,0.0,0+1,1.0,0.0,0.0,0.0,0.0
training_seed73000_samplerv2::dual::dual-00016,dual,0.0,0.0,0.0,0+1,1.0,0.0,0.0,0.0,0.0
training_seed73000_samplerv2::dual::dual-00017,dual,1.0,1.0,1.0,0+1,1.0,1.0,1.0,0.0,1.0
training_seed73000_samplerv2::dual::dual-00018,dual,0.0,0.0,0.0,0+1,1.0,0.0,0.0,0.0,0.0
training_seed73000_samplerv2::dual::dual-00019,dual,0.0,0.2,0.0,0+2,0.8,0.0,0.0,0.2,0.0
training_seed73000_samplerv2::dual::dual-00021,dual,1.0,1.0,1.0,0+1,1.0,0.0,1.0,0.0,0.4
training_seed73000_samplerv2::dual::dual-00022,dual,0.0,0.4,0.2,0+2,0.8,0.2,0.0,0.4,0.0
training_seed73000_samplerv2::dual::dual-00023,dual,0.0,0.0,0.0,0+1,1.0,0.0,0.0,0.0,0.0
training_seed73000_samplerv2::dual::dual-00025,dual,1.0,1.0,1.0,0+1,1.0,0.2,1.0,0.0,1.0
training_seed73000_samplerv2::dual::dual-00027,dual,0.0,0.0,0.0,0+1,1.0,0.0,0.0,0.0,0.0
training_seed73000_samplerv2::dual::dual-00030,dual,0.0,0.0,0.0,0+1,1.0,0.0,0.0,0.0,0.0
training_seed73000_samplerv2::dual::dual-00031,dual,0.0,0.0,0.0,0+1,1.0,0.0,0.0,0.0,0.0
training_seed73000_samplerv2::dual::dual-00033,dual,0.2,0.2,0.2,0+1,1.0,0.2,0.2,0.2,0.2
training_seed73000_samplerv2::dual::dual-00036,dual,1.0,1.0,1.0,0+1,1.0,1.0,1.0,0.0,1.0
training_seed73000_samplerv2::dual::dual-00037,dual,1.0,1.0,1.0,0+1,1.0,1.0,1.0,0.0,1.0
training_seed73000_samplerv2::dual::dual-00038,dual,0.0,0.0,0.0,0+1,1.0,0.0,0.0,0.0,0.0
training_seed73000_samplerv2::dual::dual-00041,dual,0.0,0.0,0.0,0+1,1.0,0.0,0.0,0.0,0.0
training_seed73000_samplerv2::dual::dual-00043,dual,0.0,0.0,0.0,0+1,1.0,0.0,0.0,0.0,0.0
training_seed73000_samplerv2::dual::dual-00044,dual,0.0,1.0,1.0,0+2,1.0,0.0,0.0,1.0,0.0
training_seed73000_samplerv2::dual::dual-00045,dual,0.0,0.2,0.0,0+2,0.8,0.0,0.0,0.2,0.0
training_seed73000_samplerv2::dual::dual-00048,dual,1.0,1.0,1.0,0+1,1.0,0.0,1.0,0.0,0.0
training_seed73000_samplerv2::dual::dual-00050,dual,1.0,1.0,1.0,0+1,1.0,1.0,1.0,0.0,1.0
training_seed73000_samplerv2::dual::dual-00051,dual,0.0,0.4,0.4,0+2,1.0,0.0,0.0,0.4,0.0
training_seed73000_samplerv2::dual::dual-00053,dual,0.0,1.0,1.0,0+2,1.0,0.0,0.0,1.0,0.0
training_seed73000_samplerv2::dual::dual-00054,dual,0.0,1.0,1.0,0+2,1.0,0.0,0.0,1.0,0.0
training_seed73000_samplerv2::dual::dual-00055,dual,1.0,1.0,1.0,0+1,1.0,0.6,1.0,0.0,1.0
training_seed73000_samplerv2::dual::dual-00056,dual,0.0,0.0,0.0,0+1,1.0,0.0,0.0,0.0,0.0
training_seed73000_samplerv2::dual::dual-00058,dual,0.0,0.6,0.6,0+2,1.0,0.0,0.0,0.6,0.0
training_seed73000_samplerv2::dual::dual-00059,dual,0.0,0.0,0.0,0+1,1.0,0.0,0.0,0.0,0.0
training_seed73000_samplerv2::dual::dual-00060,dual,0.0,0.0,0.0,0+1,1.0,0.0,0.0,0.0,0.0
training_seed73000_samplerv2::dual::dual-00065,dual,0.0,0.0,0.0,0+1,1.0,0.0,0.0,0.0,0.0
training_seed73000_samplerv2::dual::dual-00066,dual,0.0,0.0,0.0,0+1,1.0,0.0,0.0,0.0,0.0
training_seed73000_samplerv2::dual::dual-00069,dual,0.0,0.0,0.0,0+1,1.0,0.0,0.0,0.0,0.0
training_seed73000_samplerv2::dual::dual-00070,dual,0.0,0.0,0.0,0+1,1.0,0.0,0.0,0.0,0.0
training_seed73000_samplerv2::dual::dual-00071,dual,0.0,0.0,0.0,0+1,1.0,0.0,0.0,0.0,0.0
training_seed73000_samplerv2::dual::dual-00072,dual,0.0,0.0,0.0,0+1,1.0,0.0,0.0,0.0,0.0
training_seed73000_samplerv2::dual::dual-00075,dual,0.8,0.8,0.8,0+1,1.0,0.0,0.8,0.0,0.0
training_seed73000_samplerv2::dual::dual-00076,dual,0.0,0.0,0.0,0+1,1.0,0.0,0.0,0.0,0.0
training_seed73000_samplerv2::dual::dual-00078,dual,1.0,1.0,1.0,0+1,1.0,0.0,1.0,0.0,1.0
training_seed73000_samplerv2::dual::dual-00079,dual,0.2,0.2,0.2,0+1,1.0,0.2,0.2,0.2,0.2
training_seed73000_samplerv2::dual::dual-00080,dual,1.0,1.0,1.0,0+1,1.0,0.4,1.0,0.0,0.8
training_seed73000_samplerv2::dual::dual-00081,dual,0.0,0.0,0.0,0+1,1.0,0.0,0.0,0.0,0.0
training_seed73000_samplerv2::dual::dual-00082,dual,0.0,0.0,0.0,0+1,1.0,0.0,0.0,0.0,0.0
training_seed73000_samplerv2::dual::dual-00083,dual,0.0,0.0,0.0,0+1,1.0,0.0,0.0,0.0,0.0
training_seed73000_samplerv2::dual::dual-00087,dual,0.0,0.0,0.0,0+1,1.0,0.0,0.0,0.0,0.0
training_seed73000_samplerv2::dual::dual-00088,dual,1.0,1.0,1.0,0+1,1.0,0.8,1.0,0.0,1.0
training_seed73000_samplerv2::dual::dual-00089,dual,0.0,0.0,0.0,0+1,1.0,0.0,0.0,0.0,0.0
training_seed73000_samplerv2::dual::dual-00090,dual,0.0,0.0,0.0,0+1,1.0,0.0,0.0,0.0,0.0
training_seed73000_samplerv2::dual::dual-00091,dual,0.0,0.0,0.0,0+1,1.0,0.0,0.0,0.0,0.0
training_seed73000_samplerv2::dual::dual-00093,dual,0.0,0.0,0.0,0+1,1.0,0.0,0.0,0.0,0.0
training_seed73000_samplerv2::dual::dual-00094,dual,0.0,0.0,0.0,0+1,1.0,0.0,0.0,0.0,0.0
training_seed73000_samplerv2::dual::dual-00095,dual,0.0,0.0,0.0,0+1,1.0,0.0,0.0,0.0,0.0
training_seed73000_samplerv2::dual::dual-00096,dual,0.0,0.6,0.6,0+2,1.0,0.0,0.0,0.6,0.0
training_seed73000_samplerv2::dual::dual-00097,dual,0.0,0.0,0.0,0+1,1.0,0.0,0.0,0.0,0.0
training_seed73000_samplerv2::dual::dual-00098,dual,0.2,0.2,0.2,0+1,1.0,0.0,0.2,0.0,0.0
training_seed73000_samplerv2::dual::dual-00099,dual,0.0,0.8,0.8,0+2,1.0,0.4,0.0,0.8,0.0
training_seed73000_samplerv2::dual::dual-00103,dual,1.0,1.0,1.0,0+1,1.0,0.2,1.0,0.0,0.6
training_seed73000_samplerv2::dual::dual-00104,dual,0.0,0.4,0.4,0+2,1.0,0.0,0.0,0.4,0.0
training_seed73000_samplerv2::dual::dual-00107,dual,0.0,0.2,0.0,0+2,0.8,0.0,0.0,0.2,0.0
training_seed73000_samplerv2::dual::dual-00108,dual,0.0,0.4,0.4,0+2,1.0,0.0,0.0,0.4,0.0
training_seed73000_samplerv2::dual::dual-00109,dual,1.0,1.0,1.0,0+1,1.0,1.0,1.0,0.0,1.0
training_seed73000_samplerv2::dual::dual-00111,dual,0.0,0.0,0.0,0+1,1.0,0.0,0.0,0.0,0.0
training_seed73000_samplerv2::dual::dual-00113,dual,0.0,0.0,0.0,0+1,1.0,0.0,0.0,0.0,0.0
training_seed73000_samplerv2::dual::dual-00115,dual,1.0,1.0,1.0,0+1,1.0,1.0,1.0,0.0,1.0
training_seed73000_samplerv2::dual::dual-00118,dual,0.0,0.0,0.0,0+1,1.0,0.0,0.0,0.0,0.0
training_seed73000_samplerv2::dual::dual-00119,dual,0.0,0.0,0.0,0+1,1.0,0.0,0.0,0.0,0.0
training_seed73000_samplerv2::dual::dual-00124,dual,0.0,0.6,0.6,0+2,1.0,0.0,0.0,0.6,0.0
training_seed73000_samplerv2::dual::dual-00126,dual,0.0,0.0,0.0,0+1,1.0,0.0,0.0,0.0,0.0
training_seed73000_samplerv2::dual::dual-00130,dual,1.0,1.0,1.0,0+1,1.0,1.0,1.0,0.0,1.0
training_seed73000_samplerv2::dual::dual-00132,dual,0.0,0.0,0.0,0+1,1.0,0.0,0.0,0.0,0.0
training_seed73000_samplerv2::dual::dual-00133,dual,0.2,1.0,1.0,0+2,1.0,0.4,0.2,1.0,0.2
training_seed73000_samplerv2::dual::dual-00134,dual,0.0,0.0,0.0,0+1,1.0,0.0,0.0,0.0,0.0
training_seed73000_samplerv2::dual::dual-00135,dual,0.4,0.4,0.4,0+1,1.0,0.4,0.2,0.4,0.4
training_seed73000_samplerv2::dual::dual-00136,dual,1.0,1.0,1.0,0+1,1.0,0.0,1.0,0.0,0.0
training_seed73000_samplerv2::dual::dual-00137,dual,0.2,1.0,1.0,0+2,1.0,0.2,0.2,1.0,0.2
training_seed73000_samplerv2::dual::dual-00138,dual,0.0,0.0,0.0,0+1,1.0,0.0,0.0,0.0,0.0
training_seed73000_samplerv2::dual::dual-00139,dual,0.0,0.0,0.0,0+1,1.0,0.0,0.0,0.0,0.0
training_seed73000_samplerv2::dual::dual-00141,dual,0.0,1.0,1.0,0+2,1.0,0.0,0.0,1.0,0.0
training_seed73000_samplerv2::dual::dual-00142,dual,1.0,1.0,1.0,0+1,1.0,1.0,1.0,0.0,1.0
training_seed73000_samplerv2::dual::dual-00143,dual,0.0,0.0,0.0,0+1,1.0,0.0,0.0,0.0,0.0
training_seed73000_samplerv2::dual::dual-00144,dual,0.0,0.0,0.0,0+1,1.0,0.0,0.0,0.0,0.0
training_seed73000_samplerv2::dual::dual-00145,dual,0.0,0.0,0.0,0+1,1.0,0.0,0.0,0.0,0.0
training_seed73000_samplerv2::dual::dual-00147,dual,0.0,0.0,0.0,0+1,1.0,0.0,0.0,0.0,0.0
training_seed73000_samplerv2::dual::dual-00148,dual,0.0,0.2,0.0,0+2,0.8,0.0,0.0,0.2,0.0
training_seed73000_samplerv2::dual::dual-00149,dual,1.0,1.0,1.0,0+1,1.0,0.0,1.0,0.0,0.0
training_seed73000_samplerv2::dual::dual-00150,dual,0.0,0.0,0.0,0+1,1.0,0.0,0.0,0.0,0.0
training_seed73000_samplerv2::dual::dual-00151,dual,0.0,0.0,0.0,0+1,1.0,0.0,0.0,0.0,0.0
training_seed73000_samplerv2::dual::dual-00152,dual,1.0,1.0,1.0,0+1,1.0,1.0,1.0,0.0,1.0
training_seed73000_samplerv2::dual::dual-00154,dual,0.0,0.0,0.0,0+1,1.0,0.0,0.0,0.0,0.0
training_seed73000_samplerv2::dual::dual-00155,dual,0.0,0.0,0.0,0+1,1.0,0.0,0.0,0.0,0.0
training_seed73000_samplerv2::dual::dual-00159,dual,1.0,1.0,1.0,0+1,1.0,1.0,0.8,0.0,1.0
