run,vehicle,label,y_aeb,scenario,onset_speed_kph,peak_deceleration_magnitude_mps2,effective_constant_deceleration_distance_mps2,time_onset_to_peak_s,event_duration_s,br_position_travel_mm,brake_force_max_n,jerk_p95_mps3,lateral_velocity_delta_peak_mps,yaw_rate_delta_peak_dps,heading_change_deg,speed_rebound_kph,positive_speed_step_fraction,brake_pulse_count
14-BZ3X/5-C-NCAP ADAS 2024 (VUT)/9-CCR [L.6.1]/10-AEB/11-CCRs/56-VUT 20 kph; CCRs -50 % AEB/V14_T56_R1.txt,14-BZ3X,operator_confirmed_aeb_response,1,CCRS,20.478,11.419,7.718,0.42,0.63,14.429,14.143,57.61427018623501,0.0181133048608899,0.9936393890529873,0.13800048828096578,1.973328828811645,0.07981220657276995,1
14-BZ3X/5-C-NCAP ADAS 2024 (VUT)/9-CCR [L.6.1]/10-AEB/11-CCRs/56-VUT 20 kph; CCRs -50 % AEB/V14_T56_R2.txt,14-BZ3X,operator_confirmed_aeb_response,1,CCRS,20.478,10.388,5.706,0.8,0.82,18.147,7.401,60.89833629392565,0.0176675121765584,0.7124749999493356,0.11077880859403422,2.38779148459435,0.07758620689655173,2
14-BZ3X/5-C-NCAP ADAS 2024 (VUT)/38-CCFT [L.6.1.9]/39-AEB/40-Farside/41-GVT 20 kph/133-VUT 10 kph; CCFT 20 kph AEB/V14_T133_R2.txt,14-BZ3X,operator_confirmed_aeb_response,1,CCFT,10.59,10.024,6.201,0.3,0.37,17.284,4.799,62.197205815443326,0.22731722518801722,11.42928862571716,12.915679931640966,2.109142690896986,0.10160427807486631,1
14-BZ3X/10-C-NCAP VRU 2024 (VUT)/22-CPTA-LN [O.6.1.9]/23-CPTA-LN 5 kph AEB (Day)/503-VUT 10 kph; CPTA-LN 5 kph AEB (Day)/V14_T503_R4.txt,14-BZ3X,operator_confirmed_aeb_response,1,CPTA,10.017,6.119,4.796,0.48,0.48,20.102,11.883,50.36839694809443,0.30640620365738847,17.079351663589478,20.285800933837905,1.57615402340889,0.0707070707070707,1
14-BZ3X/5-C-NCAP ADAS 2024 (VUT)/9-CCR [L.6.1]/10-AEB/11-CCRs/56-VUT 20 kph; CCRs -50 % AEB/V14_T56_R3.txt,14-BZ3X,operator_confirmed_aeb_response,1,CCRS,20.488,10.626,5.721,0.76,0.81,15.507,7.315,59.796039564726144,0.02163963299244645,0.9791742712259297,0.09027099609403422,2.4540255665779123,0.06926406926406926,2
Guang_Qi_E8_data/8-L6.1.5-CCRs-VUT/10-L6.1.5-CCRS-VUT-AEB/11-L6.1.5-CCRs-VUT-AEB/170-L6.1.5-CCRs-VUT-AEB-20kph-(-50%)/V5_T170_R1.txt,Guang_Qi_E8_data,operator_confirmed_aeb_response,1,CCRS,20.368,10.922,6.592,0.47,0.71,43.526,2.719,50.8454151236733,0.03480892395600679,1.1078170090913768,0.143310546875,2.4254323244094858,0.08597285067873303,2
Guang_Qi_S9_data/2-C-NCAP ADAS 2024 (VUT)/9-CCR [L.6.1]/10-AEB/11-CCRs/27-VUT 20 kph; CCRs -50 % AEB/V4_T27_R1.txt,Guang_Qi_S9_data,operator_confirmed_aeb_response,1,CCRS,20.494,9.529,7.267,0.46,0.68,14.934,12.361,64.04609460305016,0.03193173371255395,2.436545651406052,0.45599365234301104,2.608152210712436,0.0871559633027523,2
8-huajingS/5-C-NCAP ADAS 2024 (VUT)/9-CCR [L.6.1]/10-AEB/11-CCRs/60-VUT 40 kph; CCRs -50 % AEB/V8_T60_R2.txt,8-huajingS,operator_confirmed_aeb_response,1,CCRS,40.156,11.352,8.394,0.83,1.22,25.175,21.578,67.18461752580906,0.04345272434875371,1.8351757749915076,0.42919921875,2.481803536415099,0.0661764705882353,2
9-BZ7/5-C-IASI ADAS 2024 (VUT)/9-CCR [L.6.1]/10-AEB-CNCAP/11-CCRs/58-VUT 40 kph; CCRs -50 % AEB (1)/V9_T58_R1.txt,9-BZ7,operator_confirmed_aeb_response,1,CCRS,39.443,10.337,8.146,0.51,1.27,23.945,19.571,56.4306017095998,0.06868244335055355,2.8884822018444525,0.22763061523500028,2.55337792634964,0.06859205776173286,2
XPengP7+_data/2-C-NCAP ADAS 2024 (VUT)/15-SCP [L.6.1.7]/16-AEB/17-Farside/18-GVT 20 kph/76-VUT 30 kph; CCScp Farside GVT 20 kph AEB/V2_T76_R1.txt,XPengP7+_data,operator_confirmed_aeb_response,1,SCP,30.511,10.662,7.738,0.41,0.98,33.613,37.633,60.93225622261479,0.04305602703243495,6.382963238283996,0.5750122070309658,2.706890165805821,0.0846774193548387,1
Guang_Qi_A66_data/2-C-NCAP VRU 2024 (VUT)/19-CPFAO [O.6.1.8]/21-CPFAO-25 6.5 kph AEB (Night)/89-VUT 60 kph; CPFAO-25 6.5 kph AEB (Night)/V3_T89_R1.txt,Guang_Qi_A66_data,operator_confirmed_aeb_response,1,AEB,60.416,11.086,8.683,1.75,1.77,32.066,9.932,51.99764090224778,0.05255706422030926,1.0542053952813157,0.453369140625,1.8558679521083818,0.05198776758409786,1
6-C-NCAP 2024 Bao5/8-L6.1.5-CCRs-VUT/10-L6.1.5-CCRS-VUT-AEB/11-L6.1.5-CCRs-VUT-AEB/173-L6.1.5-CCRs-VUT-AEB-30kph-(+50%)/V6_T173_R1.txt,6-C-NCAP 2024 Bao5,operator_confirmed_aeb_response,1,CCRS,30.19,8.909,6.796,0.41,1.1,42.667,10.682,50.414149633617455,0.01694302121177316,0.9846615623682744,0.11872863769499986,3.041087806224818,0.08846153846153847,1
13-xiaopengG9/8-Euro NCAP AEB VRU 2020 Group (VUT)/5-Pedestrian Farside Scenarios/6-CPFA-50 8 kph (Day) [7.2.4]/332-VUT 60 kph; CPFA-50 8 kph (Day)/V13_T332_R2.txt,13-xiaopengG9,operator_confirmed_aeb_response,1,CPFA,60.151,11.142,7.535,0.82,2.38,32.364,75.01,44.985765961672385,0.1816414664499465,7.272418398410081,1.6893005371100003,1.734164237976074,0.04896907216494845,1
15-TANG L-CNCAP2024/23-C-NCAP ADAS 2024 (VUT)/9-CCR [L.6.1]/10-AEB/11-CCRs/3329-VUT 40 kph; CCRs -50 % AEB/V15_T3329_R1.txt,15-TANG L-CNCAP2024,operator_confirmed_aeb_response,1,CCRS,40.48,10.966,4.242,1.49,1.9,46.231,11.828,58.35081184104794,0.022070337086915998,1.710904508829113,0.4173583984380116,3.32970941066742,0.06764705882352941,3
14-BZ3X/5-C-NCAP ADAS 2024 (VUT)/15-SCP [L.6.1.7]/16-AEB/17-Farside/18-GVT 20 kph/1788-VUT 30 kph; CCScp Farside GVT 20 kph AEB/V14_T1788_R4.txt,14-BZ3X,operator_confirmed_aeb_response,1,SCP,20.359,10.877,7.681,0.34,0.64,14.505,11.619,59.32973828221755,0.03499376476975157,3.419362571090458,0.3275756835939774,2.0767439007759103,0.08411214953271028,1
14-BZ3X/10-C-NCAP VRU 2024 (VUT)/30-CSFAO [O.6.2.6]/31-CSFAO-50 20 kph AEB (Day)/1797-VUT 15 kph; FCTB-50 20 kph AEB (Day)-ENCAP/V14_T1797_R1.txt,14-BZ3X,operator_confirmed_aeb_response,1,AEB,15.379,10.42,6.709,0.38,0.52,10.47,10.448,60.154569348472236,0.025795253925025515,2.1803394553717217,0.17199583165347598,2.069823175668721,0.07920792079207921,1
14-BZ3X/10-C-NCAP VRU 2024 (VUT)/17-CPNCO [O.6.1.7]/18-CPNCO-25 5 kph AEB (Day)/476-VUT 20 kph; CPNCO-25 5 kph AEB (Day)/V14_T476_R1.txt,14-BZ3X,operator_confirmed_aeb_response,1,CPNCO,20.418,10.005,7.573,0.4,0.65,16.367,24.302,61.64891001889296,0.03846898942720146,2.18520462798188,0.19262945652008007,2.247773468494411,0.08837209302325581,1
14-BZ3X/10-C-NCAP VRU 2024 (VUT)/12-CPLA [O.6.1.6]/13-CPLA-25 5 kph AEB (Day)/452-VUT 20 kph; CPLA-25 5 kph AEB (Day)/V14_T452_R3.txt,14-BZ3X,operator_confirmed_aeb_response,1,CPLA,20.368,10.696,5.916,0.67,0.77,12.662,8.778,60.27986389602071,0.04316208977252245,1.5745329446362981,0.2004089355469887,2.321613222360613,0.06607929515418502,1
14-BZ3X/10-C-NCAP VRU 2024 (VUT)/32-CBLA [O.6.2.7]/33-CBLA-25 15 kph AEB (Day)/530-VUT 40 kph; CBLA-25 15 kph AEB (Day)/V14_T530_R1.txt,14-BZ3X,operator_confirmed_aeb_response,1,CBLA,40.376,11.116,8.812,0.35,1.17,16.119,-12.205,59.89509069673189,0.04949077335186302,1.8383395094424526,0.2850952148440342,2.1175409257412,0.0599250936329588,1
14-BZ3X/5-C-NCAP ADAS 2024 (VUT)/38-CCFT [L.6.1.9]/39-AEB/40-Farside/41-GVT 20 kph/133-VUT 10 kph; CCFT 20 kph AEB/V14_T133_R3.txt,14-BZ3X,operator_confirmed_aeb_response,1,CCFT,10.569,10.36,5.842,0.37,0.38,17.31,5.005,73.01871147452306,0.19761307537555708,10.03418970108032,11.97412109375,2.304187029600147,0.09574468085106383,1
14-BZ3X/10-C-NCAP VRU 2024 (VUT)/28-CBNAO [O.6.2.5]/29-CBNAO-50 15 kph AEB (Day)/631-VUT 40 kph; CBNA-50 15 kph AEB (Day)-ciasi/V14_T631_R2.txt,14-BZ3X,operator_confirmed_aeb_response,1,CBNA,40.402,10.371,8.376,0.42,1.22,17.036,8.537,54.29074197060735,0.024158735759556252,1.3059734925627666,0.22424857318401292,2.033604502677914,0.058823529411764705,1
14-BZ3X/10-C-NCAP VRU 2024 (VUT)/24-CPTA-LF [O.6.1.10]/25-CPTA-LF 6.5 kph AEB (Day)/512-VUT 10 kph; CPTA-LF 6.5 kph AEB (Day)/V14_T512_R2.txt,14-BZ3X,operator_confirmed_aeb_response,1,CPTA,10.746,7.16,4.909,0.51,0.51,19.198,18.388,54.89848144118999,0.3268920183181763,18.328846573829672,22.2103843688964,1.899629294872283,0.07960199004975124,2
8-huajingS/7-C-NCAP VRU 2024 (VUT)/37-CSTA-RN [O.6.2.9]/38-CSTA-RN 20 kph AEB (Day)/370-VUT 20 kph; CSTA-RN 20 kph AEB (Day)/V8_T370_R2.txt,8-huajingS,operator_confirmed_aeb_response,1,AEB,20.831,10.093,6.835,0.31,0.73,22.106,0.011,65.48747040079448,0.1448705823568159,10.672701120376576,12.888077855110199,2.201712697744367,0.08071748878923767,2
Guang_Qi_S9_data/5-C-NCAP VRU 2024 (VUT)/35-CSTA-LN [O.6.2.8]/36-CSTA-LN 20 kph AEB (Day)/333-VUT 20 kph; CSTA-LN 20 kph AEB (Day)/V4_T333_R2.txt,Guang_Qi_S9_data,operator_confirmed_aeb_response,1,AEB,20.721,9.332,7.296,0.37,0.69,30.889,13.536,61.98749575395536,0.130902778357268,8.311213493347214,13.500762939453011,2.5625257492065447,0.0821917808219178,2
14-BZ3X/10-C-NCAP VRU 2024 (VUT)/19-CPFAO [O.6.1.8]/21-CPFAO-25 6.5 kph AEB (Night)/1775-VUT 40 kph; CPNA-25 5 kph AEB (Night)/V14_T1775_R1.txt,14-BZ3X,operator_confirmed_aeb_response,1,CPNA,40.382,11.246,8.73,0.38,1.19,15.693,14.791,60.82952919844686,0.03184640407562255,1.4303746698424238,0.22784423828102263,2.327563643455504,0.06691449814126393,2
9-BZ7/7-C-IASI VRU 2024 (VUT)/30-CSFA [O.6.2.6]/31-CSFA-50 20 kph AEB (Day)/502-VUT 20 kph; CSFA-50 20 kph AEB (Day) (1)/V9_T502_R3.txt,9-BZ7,operator_confirmed_aeb_response,1,AEB,20.432,8.6,6.785,0.33,0.75,16.161,20.314,61.86530142809169,0.04081230983138085,2.7996719405055024,0.18680819869041398,2.592080056667326,0.08,2
9-BZ7/9-Euro NCAP AEB Car-to-car 2023 (VUT)/25-AEB/27-CCRm [8.2.2.2]/854-VUT 60 kph; CCRm 100 % AEB (1)/V9_T854_R1.txt,9-BZ7,operator_confirmed_aeb_response,1,CCRM,59.51,10.593,8.871,1.2,1.8,27.561,17.664,51.504739280378274,0.1173247462138531,8.225334233604368,0.7870483398440342,2.761140525341032,0.05454545454545454,1
8-huajingS/7-C-NCAP VRU 2024 (VUT)/17-CPNCO [O.6.1.7]/18-CPNCO-25 5 kph AEB (Day)/286-VUT 40 kph; CPNCO-25 5 kph AEB (Day)/V8_T286_R2.txt,8-huajingS,operator_confirmed_aeb_response,1,CPNCO,40.507,11.225,8.429,0.87,1.21,28.07,0.023,67.03015771031826,0.04276330303400755,1.5480864439159678,0.2198792193084957,2.4044397771358517,0.07011070110701106,2
8-huajingS/7-C-NCAP VRU 2024 (VUT)/12-CPLA [O.6.1.6]/15-CPLA-25 5 kph AEB (Night)/262-VUT 40 kph; CPLA-25 5 kph AEB (Night)/V8_T262_R1.txt,8-huajingS,operator_confirmed_aeb_response,1,CPLA,40.172,10.894,8.505,1.02,1.2,24.127,0.014,64.9281636678589,0.06638326495885845,1.198392666876319,0.3104553222660229,2.5424280762672473,0.07037037037037037,2
9-BZ7/7-C-IASI VRU 2024 (VUT)/28-CBNA [O.6.2.5]/29-CBNA-50 15 kph AEB (Day)/499-VUT 20 kph; CBNA-50 15 kph AEB (Day) (1)/V9_T499_R1.txt,9-BZ7,operator_confirmed_aeb_response,1,CBNA,20.49,9.498,7.077,0.36,0.72,25.53,17.675,64.16084816320648,0.037544585764407945,3.259072471410033,0.21980291604995805,2.7138838171958968,0.07657657657657657,2
9-BZ7/8-C-NCAP VRU 2024 (VUT)/17-CPNCO [O.6.1.7]/18-CPNCO-25 5 kph AEB (Day)/598-VUT 20 kph; CPNCO-25 5 kph AEB (Day) (1)/V9_T598_R3.txt,9-BZ7,operator_confirmed_aeb_response,1,CPNCO,20.524,9.084,6.994,0.47,0.71,22.122,18.852,63.43869019086507,0.03523753909394141,4.040306586772199,0.42975831776857343,2.772060573101043,0.07692307692307693,2
8-huajingS/12-UN Regulation 152 (Subject Vehicle)/1-Mass in running order (MIRO)/4-Pedestrian Target (PT)/1465-VUT 20 kph; PT 5 kph Nearside AEBS; MIRO M1/V8_T1465_R1.txt,8-huajingS,operator_confirmed_aeb_response,1,OTHER,20.075,10.008,5.285,0.63,0.81,0.0,5.956,68.25621692043067,0.0987841272726655,1.0442794749978956,0.11666810512542702,2.390040397644043,0.0735930735930736,2
13-xiaopengG9/8-Euro NCAP AEB VRU 2020 Group (VUT)/7-Pedestrian Nearside Scenarios/8-CPNA-25 5 kph (Day) [7.2.5]/353-VUT 40 kph; CPNA-25 5 kph (Day)/V13_T353_R1.txt,13-xiaopengG9,operator_confirmed_aeb_response,1,CPNA,40.053,10.414,7.462,0.94,1.3,26.374,35.969,65.93845622695261,0.05486245825886725,2.7552414899691944,0.5201327130198482,2.600769400596615,0.05714285714285714,2
9-BZ7/8-C-NCAP VRU 2024 (VUT)/12-CPLA [O.6.1.6]/15-CPLA-25 5 kph AEB (Night)/583-VUT 40 kph; CPLA-25 5 kph AEB (Night) (1)/V9_T583_R2.txt,9-BZ7,operator_confirmed_aeb_response,1,CPLA,39.434,9.872,8.027,0.59,1.3,22.029,19.778,49.525142824334665,0.08275900036096574,4.110005999449636,0.2727966308589771,2.639957070350649,0.06428571428571428,2
Guang_Qi_A66_data/3-C-NCAP ADAS 2024 (VUT)/9-CCR [L.6.1]/10-AEB/11-CCRs/189-VUT 40 kph; CCRs -50 % AEB/V3_T189_R1.txt,Guang_Qi_A66_data,operator_confirmed_aeb_response,1,CCRS,40.301,11.188,8.636,1.07,1.16,25.336,8.353,67.51816442742032,0.02601080969907346,0.8736332282423973,0.1943359375,3.323059678077697,0.07518796992481203,2
Guang_Qi_E8_data/4-Cal/1707-O6.2.7-CPLA-VUT-AEB-20.5kph-(-25%)/V5_T1707_R1.txt,Guang_Qi_E8_data,operator_confirmed_aeb_response,1,CPLA,20.477,11.461,7.562,0.4,0.64,23.255,2.099,64.56817411315376,0.017517412663437416,0.8253853805363177,0.0765686035160229,2.508752107620235,0.09813084112149532,2
XPengP7+_data/9-C-NCAP VRU 2024 (VUT)/22-CPTA-LN [O.6.1.9]/23-CPTA-LN 5 kph AEB (Day)/1170-VUT 10 kph; CPTA-LN 5 kph AEB (Day)/V2_T1170_R2.txt,XPengP7+_data,operator_confirmed_aeb_response,1,CPTA,10.712,9.664,4.209,0.54,0.59,33.113,32.474,57.02517011362222,0.32922535389661806,18.25972437858582,23.388854980467954,1.628858923912048,0.04784688995215311,2
Guang_Qi_S9_data/5-C-NCAP VRU 2024 (VUT)/17-CPNCO [O.6.1.7]/18-CPNCO-25 5 kph AEB (Day)/249-VUT 20 kph; CPNCO-25 5 kph AEB (Day)/V4_T249_R1.txt,Guang_Qi_S9_data,operator_confirmed_aeb_response,1,CPNCO,20.378,9.632,7.063,0.5,0.69,14.611,12.686,58.63443111535592,0.013192618265748,1.6001451853662774,0.169913798570633,2.706062674522401,0.1004566210045662,2
8-huajingS/5-C-NCAP ADAS 2024 (VUT)/38-CCFT [L.6.1.9]/39-AEB/40-Farside/42-GVT 40 kph/134-VUT 20 kph; CCFT 40 kph AEB/V8_T134_R3.txt,8-huajingS,operator_confirmed_aeb_response,1,CCFT,20.183,10.759,4.867,0.52,0.85,17.495,0.013,65.85996410397743,0.1316873561590906,10.12298083305356,10.042297363281023,2.218581318855282,0.07234042553191489,2
9-BZ7/7-C-IASI VRU 2024 (VUT)/19-CPFAO [O.6.1.8]/21-CPNA-25 5 kph AEB (Night)/451-VUT 40 kph; CPFAO-25 6.5 kph AEB (Night) (1)/V9_T451_R2.txt,9-BZ7,operator_confirmed_aeb_response,1,CPNA,39.445,9.809,7.992,0.47,1.33,26.659,14.585,56.72188932357025,0.1859874734655025,12.433273185975864,1.5597229003899997,2.802876055240632,0.06007067137809187,2
8-huajingS/5-C-NCAP ADAS 2024 (VUT)/15-SCP [L.6.1.7]/16-AEB/17-Farside/18-GVT 20 kph/103-VUT 30 kph; CCScp Farside GVT 20 kph AEB/V8_T103_R1.txt,8-huajingS,operator_confirmed_aeb_response,1,SCP,30.451,10.525,7.958,0.87,0.97,18.087,18.642,66.60659206322035,0.15822948701679726,1.4485629480332158,0.24298095703102263,2.6606573462486285,0.05668016194331984,2
9-BZ7/7-C-IASI VRU 2024 (VUT)/32-CBLA [O.6.2.7]/33-CBLA-50 45 kph& 65 Kph AEB (Day)/490-VUT 65 kph; CBLA-50 15 kph AEB (Day) (1)/V9_T490_R1.txt,9-BZ7,operator_confirmed_aeb_response,1,CBLA,64.228,11.11,9.097,1.54,1.82,39.921,15.665,53.64348990888471,0.0566307529807091,2.2425231463275854,0.5127868652350003,2.846696317195889,0.060240963855421686,2
9-BZ7/6-C-NCAP ADAS 2024 (VUT)/15-SCP [L.6.1.7]/16-AEB/17-Farside/18-GVT 20 kph/275-VUT 30 kph; CCScp Farside GVT 20 kph AEB (1)/V9_T275_R2.txt,9-BZ7,operator_confirmed_aeb_response,1,SCP,29.119,10.241,8.306,0.5,0.89,25.171,13.128,64.59815957951008,0.04963052738457915,3.9299250356852986,0.3439331054689774,3.029366254806514,0.07531380753138076,2
13-xiaopengG9/8-Euro NCAP AEB VRU 2020 Group (VUT)/13-Pedestrian Longitudinal Scenarios/14-CPLA-50 5 kph (Day) [7.2.7]/518-VUT 40 kph; CPLA-50 5 kph (Day)/V13_T518_R2.txt,13-xiaopengG9,operator_confirmed_aeb_response,1,CPLA,39.91,11.254,8.502,0.79,1.18,24.5,45.592,64.8559277347913,0.05750799085944893,1.8822318892925958,0.2236022949219887,2.944082736968995,0.0708955223880597,2
9-BZ7/5-C-IASI ADAS 2024 (VUT)/9-CCR [L.6.1]/12-FCW/13-CCRs/69-VUT 72 kph; CCRs 100 % FCW-car/V9_T69_R2.txt,9-BZ7,manual_after_fcw_audio,0,CCRS,69.844,11.052,8.667,1.54,2.07,0.01,40.882,53.82847107500616,0.7188805192708969,2.975178141146903,2.2231140136719887,5.007348299026489,0.0392156862745098,3
9-BZ7/5-C-IASI ADAS 2024 (VUT)/9-CCR [L.6.1]/12-FCW/13-CCRs/69-VUT 72 kph; CCRs 100 % FCW-car/V9_T69_R3.txt,9-BZ7,manual_after_fcw_audio,0,CCRS,72.519,11.036,5.316,2.35,2.9,0.039,51.516,49.45757498110268,0.651146404445171,6.395193181931973,1.5362548828129547,4.57645761966705,0.025,4
9-BZ7/5-C-IASI ADAS 2024 (VUT)/9-CCR [L.6.1]/12-FCW/13-CCRs/69-VUT 72 kph; CCRs 100 % FCW-car (1)/V9_T69_R2.txt,9-BZ7,manual_after_fcw_audio,0,CCRS,69.844,11.052,8.667,1.54,2.07,0.01,40.882,53.82847107500616,0.7188805192708969,2.975178141146903,2.2231140136719887,5.007348299026489,0.0392156862745098,3
9-BZ7/5-C-IASI ADAS 2024 (VUT)/9-CCR [L.6.1]/12-FCW/13-CCRs/69-VUT 72 kph; CCRs 100 % FCW-car (1)/V9_T69_R3.txt,9-BZ7,manual_after_fcw_audio,0,CCRS,72.519,11.036,5.316,2.35,2.9,0.039,51.516,49.45757498110268,0.651146404445171,6.395193181931973,1.5362548828129547,4.57645761966705,0.025,4
9-BZ7/5-C-IASI ADAS 2024 (VUT)/9-CCR [L.6.1]/12-FCW/13-CCRs/712-VUT 60 kph; CCRs 100 % FCW-track-night/V9_T712_R1.txt,9-BZ7,manual_after_fcw_audio,0,CCRS,59.11,11.038,9.219,1.27,1.66,31.311,19.11,56.559608764212356,0.07951277494430539,4.38373372338538,0.3959045410149997,3.13684803247452,0.060126582278481014,2
9-BZ7/5-C-IASI ADAS 2024 (VUT)/9-CCR [L.6.1]/12-FCW/13-CCRs/712-VUT 60 kph; CCRs 100 % FCW-track-night/V9_T712_R2.txt,9-BZ7,manual_after_fcw_audio,0,CCRS,59.327,10.987,9.277,1.51,1.65,26.436,19.983,58.11725127558233,0.08079184358939526,3.0904734782088767,0.2692260742189774,3.170695543289183,0.05714285714285714,2
9-BZ7/5-C-IASI ADAS 2024 (VUT)/9-CCR [L.6.1]/12-FCW/13-CCRs/712-VUT 60 kph; CCRs 100 % FCW-track-night (1)/V9_T712_R1.txt,9-BZ7,manual_after_fcw_audio,0,CCRS,59.11,11.038,9.219,1.27,1.66,31.311,19.11,56.559608764212356,0.07951277494430539,4.38373372338538,0.3959045410149997,3.13684803247452,0.060126582278481014,2
9-BZ7/5-C-IASI ADAS 2024 (VUT)/9-CCR [L.6.1]/12-FCW/13-CCRs/712-VUT 60 kph; CCRs 100 % FCW-track-night (1)/V9_T712_R2.txt,9-BZ7,manual_after_fcw_audio,0,CCRS,59.327,10.987,9.277,1.51,1.65,26.436,19.983,58.11725127558233,0.08079184358939526,3.0904734782088767,0.2692260742189774,3.170695543289183,0.05714285714285714,2
9-BZ7/5-C-IASI ADAS 2024 (VUT)/9-CCR [L.6.1]/12-FCW/13-CCRs/716-VUT 60 kph; CCRs -50 % FCW-track-night/V9_T716_R1.txt,9-BZ7,manual_after_fcw_audio,0,CCRS,59.256,10.965,9.295,1.26,1.66,26.256,30.574,64.69063557949671,0.0919658616185189,5.881983376108107,0.5228881835939774,3.081404566764831,0.060126582278481014,2
9-BZ7/5-C-IASI ADAS 2024 (VUT)/9-CCR [L.6.1]/12-FCW/13-CCRs/716-VUT 60 kph; CCRs -50 % FCW-track-night/V9_T716_R2.txt,9-BZ7,manual_after_fcw_audio,0,CCRS,59.269,11.132,9.277,1.31,1.66,25.817,22.287,63.157366727244984,0.0624023079872131,6.244333919137717,0.6301879882820458,3.3023873567581097,0.060126582278481014,2
9-BZ7/5-C-IASI ADAS 2024 (VUT)/9-CCR [L.6.1]/12-FCW/13-CCRs/716-VUT 60 kph; CCRs -50 % FCW-track-night (1)/V9_T716_R1.txt,9-BZ7,manual_after_fcw_audio,0,CCRS,59.256,10.965,9.295,1.26,1.66,26.256,30.574,64.69063557949671,0.0919658616185189,5.881983376108107,0.5228881835939774,3.081404566764831,0.060126582278481014,2
9-BZ7/5-C-IASI ADAS 2024 (VUT)/9-CCR [L.6.1]/12-FCW/13-CCRs/716-VUT 60 kph; CCRs -50 % FCW-track-night (1)/V9_T716_R2.txt,9-BZ7,manual_after_fcw_audio,0,CCRS,59.269,11.132,9.277,1.31,1.66,25.817,22.287,63.157366727244984,0.0624023079872131,6.244333919137717,0.6301879882820458,3.3023873567581097,0.060126582278481014,2
9-BZ7/5-C-IASI ADAS 2024 (VUT)/9-CCR [L.6.1]/12-FCW/13-CCRs/720-VUT 60 kph; CCRs 50 % FCW-track-night/V9_T720_R1.txt,9-BZ7,manual_after_fcw_audio,0,CCRS,59.37,11.016,9.288,1.36,1.66,26.132,18.877,60.85589997243662,0.0604286575689912,7.672305814921859,0.63671875,3.21785086393356,0.05379746835443038,2
9-BZ7/5-C-IASI ADAS 2024 (VUT)/9-CCR [L.6.1]/12-FCW/13-CCRs/720-VUT 60 kph; CCRs 50 % FCW-track-night/V9_T720_R2.txt,9-BZ7,manual_after_fcw_audio,0,CCRS,59.281,10.987,9.243,1.31,1.65,25.968,17.708,58.23729895091349,0.06434905715286734,4.314629307016726,0.40295410156295475,3.22308123111725,0.05714285714285714,2
9-BZ7/5-C-IASI ADAS 2024 (VUT)/9-CCR [L.6.1]/12-FCW/13-CCRs/720-VUT 60 kph; CCRs 50 % FCW-track-night (1)/V9_T720_R1.txt,9-BZ7,manual_after_fcw_audio,0,CCRS,59.37,11.016,9.288,1.36,1.66,26.132,18.877,60.85589997243662,0.0604286575689912,7.672305814921859,0.63671875,3.21785086393356,0.05379746835443038,2
9-BZ7/5-C-IASI ADAS 2024 (VUT)/9-CCR [L.6.1]/12-FCW/13-CCRs/720-VUT 60 kph; CCRs 50 % FCW-track-night (1)/V9_T720_R2.txt,9-BZ7,manual_after_fcw_audio,0,CCRS,59.281,10.987,9.243,1.31,1.65,25.968,17.708,58.23729895091349,0.06434905715286734,4.314629307016726,0.40295410156295475,3.22308123111725,0.05714285714285714,2
9-BZ7/5-C-IASI ADAS 2024 (VUT)/9-CCR [L.6.1]/12-FCW/13-CCRs/73-VUT 72 kph; CCRs 100% FCW-truck-day/V9_T73_R2.txt,9-BZ7,manual_after_fcw_audio,0,CCRS,70.35,11.387,8.429,1.72,2.07,0.007,16.45,56.01896992117169,0.09420218318700768,5.797258515376597,0.9259680882096261,3.27822864055633,0.04481792717086835,3
9-BZ7/5-C-IASI ADAS 2024 (VUT)/9-CCR [L.6.1]/12-FCW/13-CCRs/73-VUT 72 kph; CCRs 100% FCW-truck-day/V9_T73_R3.txt,9-BZ7,manual_after_fcw_audio,0,CCRS,70.275,11.069,8.227,1.74,2.11,0.015,17.631,61.113300546763234,0.085647001862526,6.679877466987816,1.015562891960143,3.44213330745697,0.0443213296398892,3
9-BZ7/5-C-IASI ADAS 2024 (VUT)/9-CCR [L.6.1]/12-FCW/13-CCRs/73-VUT 72 kph; CCRs 100% FCW-truck-day (1)/V9_T73_R2.txt,9-BZ7,manual_after_fcw_audio,0,CCRS,70.35,11.387,8.429,1.72,2.07,0.007,16.45,56.01896992117169,0.09420218318700768,5.797258515376597,0.9259680882096261,3.27822864055633,0.04481792717086835,3
9-BZ7/5-C-IASI ADAS 2024 (VUT)/9-CCR [L.6.1]/12-FCW/13-CCRs/73-VUT 72 kph; CCRs 100% FCW-truck-day (1)/V9_T73_R3.txt,9-BZ7,manual_after_fcw_audio,0,CCRS,70.275,11.069,8.227,1.74,2.11,0.015,17.631,61.113300546763234,0.085647001862526,6.679877466987816,1.015562891960143,3.44213330745697,0.0443213296398892,3
9-BZ7/6-C-NCAP ADAS 2024 (VUT)/30-SCPO [L.6.1.8]/31-FCW/35-Nearside/36-GVT 40 kph/295-VUT 50 kph; CCScpo Nearside GVT 40 kph FCW/V9_T295_R2.txt,9-BZ7,manual_after_fcw_audio,0,FCW,50.337,10.469,8.986,1.11,1.44,30.729,16.711,60.70433200826542,0.037091663107276004,2.9076231228718847,0.2976989746100003,3.162137687206271,0.06802721088435375,2
9-BZ7/6-C-NCAP ADAS 2024 (VUT)/30-SCPO [L.6.1.8]/31-FCW/35-Nearside/36-GVT 40 kph/295-VUT 50 kph; CCScpo Nearside GVT 40 kph FCW/V9_T295_R3.txt,9-BZ7,manual_after_fcw_audio,0,FCW,50.39,11.101,8.844,1.33,1.44,31.256,16.46,55.204219174785415,0.0690563283860684,1.7327556470408991,0.1466064453130116,2.971900641918184,0.06462585034013606,2
9-BZ7/6-C-NCAP ADAS 2024 (VUT)/30-SCPO [L.6.1.8]/31-FCW/35-Nearside/36-GVT 40 kph/295-VUT 50 kph; CCScpo Nearside GVT 40 kph FCW (1)/V9_T295_R2.txt,9-BZ7,manual_after_fcw_audio,0,FCW,50.337,10.469,8.986,1.11,1.44,30.729,16.711,60.70433200826542,0.037091663107276004,2.9076231228718847,0.2976989746100003,3.162137687206271,0.06802721088435375,2
9-BZ7/6-C-NCAP ADAS 2024 (VUT)/30-SCPO [L.6.1.8]/31-FCW/35-Nearside/36-GVT 40 kph/295-VUT 50 kph; CCScpo Nearside GVT 40 kph FCW (1)/V9_T295_R3.txt,9-BZ7,manual_after_fcw_audio,0,FCW,50.39,11.101,8.844,1.33,1.44,31.256,16.46,55.204219174785415,0.0690563283860684,1.7327556470408991,0.1466064453130116,2.971900641918184,0.06462585034013606,2
9-BZ7/6-C-NCAP ADAS 2024 (VUT)/30-SCPO [L.6.1.8]/31-FCW/35-Nearside/37-GVT 50 kph/299-VUT 60 kph; CCScpo Nearside GVT 50 kph FCW/V9_T299_R1.txt,9-BZ7,manual_after_fcw_audio,0,FCW,58.007,10.964,8.984,1.33,1.66,0.016,17.335,51.983202260887545,0.0829494912177324,3.537815972231327,0.3092651367190342,3.2030789852142396,0.06645569620253164,2
9-BZ7/6-C-NCAP ADAS 2024 (VUT)/30-SCPO [L.6.1.8]/31-FCW/35-Nearside/37-GVT 50 kph/299-VUT 60 kph; CCScpo Nearside GVT 50 kph FCW/V9_T299_R2.txt,9-BZ7,manual_after_fcw_audio,0,FCW,59.076,11.012,9.213,1.22,1.66,1.646,15.32,57.29787857015564,0.07365146279335016,2.9767603529035087,0.3251342773440342,2.9457766413688677,0.06645569620253164,2
9-BZ7/6-C-NCAP ADAS 2024 (VUT)/30-SCPO [L.6.1.8]/31-FCW/35-Nearside/37-GVT 50 kph/299-VUT 60 kph; CCScpo Nearside GVT 50 kph FCW/V9_T299_R3.txt,9-BZ7,manual_after_fcw_audio,0,FCW,59.222,11.078,9.137,1.26,1.67,0.013,16.309,63.74106181862133,0.05769706983119255,2.293473530560735,0.25012207031295475,3.095362961292264,0.06309148264984227,2
9-BZ7/6-C-NCAP ADAS 2024 (VUT)/30-SCPO [L.6.1.8]/31-FCW/35-Nearside/37-GVT 50 kph/299-VUT 60 kph; CCScpo Nearside GVT 50 kph FCW (1)/V9_T299_R1.txt,9-BZ7,manual_after_fcw_audio,0,FCW,58.007,10.964,8.984,1.33,1.66,0.016,17.335,51.983202260887545,0.0829494912177324,3.537815972231327,0.3092651367190342,3.2030789852142396,0.06645569620253164,2
9-BZ7/6-C-NCAP ADAS 2024 (VUT)/30-SCPO [L.6.1.8]/31-FCW/35-Nearside/37-GVT 50 kph/299-VUT 60 kph; CCScpo Nearside GVT 50 kph FCW (1)/V9_T299_R2.txt,9-BZ7,manual_after_fcw_audio,0,FCW,59.076,11.012,9.213,1.22,1.66,1.646,15.32,57.29787857015564,0.07365146279335016,2.9767603529035087,0.3251342773440342,2.9457766413688677,0.06645569620253164,2
9-BZ7/6-C-NCAP ADAS 2024 (VUT)/30-SCPO [L.6.1.8]/31-FCW/35-Nearside/37-GVT 50 kph/299-VUT 60 kph; CCScpo Nearside GVT 50 kph FCW (1)/V9_T299_R3.txt,9-BZ7,manual_after_fcw_audio,0,FCW,59.222,11.078,9.137,1.26,1.67,0.013,16.309,63.74106181862133,0.05769706983119255,2.293473530560735,0.25012207031295475,3.095362961292264,0.06309148264984227,2
Guang_Qi_S9_data/2-C-NCAP ADAS 2024 (VUT)/30-SCPO [L.6.1.8]/31-FCW/35-Nearside/36-GVT 40 kph/96-VUT 50 kph; CCScpo Nearside GVT 40 kph FCW/V4_T96_R2.txt,Guang_Qi_S9_data,manual_after_fcw_audio,0,FCW,50.451,9.765,4.899,1.04,2.99,25.557,32.277,34.272399255061835,0.038900185376405494,1.1936822710558792,1.1042785644530113,0.0,0.0,1
XPengP7+_data/2-C-NCAP ADAS 2024 (VUT)/15-SCP [L.6.1.7]/23-FCW/24-Farside/25-GVT 40 kph/60-VUT 50 kph; CCScp Farside GVT 40 kph FCW/V2_T60_R1.txt,XPengP7+_data,manual_after_fcw_audio,0,SCP,50.464,11.325,7.021,0.58,1.92,45.047,306.663,64.58952692868795,0.3689741352573036,29.967613998800502,6.319152832031989,3.00216495990753,0.05263157894736842,2
XPengP7+_data/2-C-NCAP ADAS 2024 (VUT)/9-CCR [L.6.1]/12-FCW/13-CCRs/36-VUT 50 kph; CCRs 50 % FCW/V2_T36_R4.txt,XPengP7+_data,manual_after_fcw_audio,0,CCRS,50.377,10.465,5.428,0.44,1.7,41.508,44.442,61.59561230437626,0.09762739669531585,8.479538161307577,1.065490722656989,2.81160974502563,0.040625,2
